InvoiceID,ClientID,InvoiceNumber,IssueDate,DueDate,TotalAmount,AmountPaid,Status,CreatedAt
1,67,INV-0001,2025-05-08,2025-06-21,8364.89,1831.3,Partially Paid,2025-05-08 04:30:57+00
2,165,INV-0002,2025-01-05,2025-02-28,5365.37,1394.39,Overdue,2025-01-05 18:45:11+00
3,75,INV-0003,2024-09-14,2024-11-01,7797.87,4198.78,Overdue,2024-09-14 00:10:26+00
4,234,INV-0004,2025-03-03,2025-04-25,5115.82,5116.3099999999995,Paid,2025-03-03 00:48:13+00
5,387,INV-0005,2024-08-06,2024-10-04,5453.84,2700.0,Overdue,2024-08-06 04:42:20+00
6,339,INV-0006,2024-10-04,2024-11-29,5932.77,0.0,Overdue,2024-10-04 14:36:00+00
7,313,INV-0007,2025-03-19,2025-05-17,7786.02,0.0,Overdue,2025-03-19 11:21:00+00
8,104,INV-0008,2024-08-23,2024-09-27,1670.59,0.0,Overdue,2024-08-23 16:21:19+00
9,481,INV-0009,2024-08-01,2024-09-10,3578.59,0.0,Overdue,2024-08-01 09:34:29+00
10,124,INV-0010,2025-02-22,2025-03-28,5115.62,1132.65,Overdue,2025-02-22 13:08:56+00
11,240,INV-0011,2025-04-07,2025-05-15,7075.58,7041.249999999999,Overdue,2025-04-07 17:49:09+00
12,308,INV-0012,2024-10-24,2024-12-13,9031.59,878.74,Overdue,2024-10-24 04:09:50+00
13,350,INV-0013,2025-02-13,2025-03-15,8124.89,8049.93,Overdue,2025-02-13 15:35:05+00
14,226,INV-0014,2025-02-22,2025-03-28,316.39,233.99,Overdue,2025-02-22 20:16:30+00
15,400,INV-0015,2025-05-13,2025-06-16,814.16,0.0,Open,2025-05-13 05:44:53+00
16,208,INV-0016,2024-12-09,2025-01-15,6978.3,2885.0299999999997,Overdue,2024-12-09 19:18:15+00
17,494,INV-0017,2025-02-01,2025-03-30,1187.4,1172.85,Overdue,2025-02-01 04:14:00+00
18,303,INV-0018,2024-05-29,2024-07-15,517.33,0.0,Overdue,2024-05-29 10:31:03+00
19,200,INV-0019,2025-01-05,2025-02-10,9080.41,3595.49,Overdue,2025-01-05 17:01:02+00
20,348,INV-0020,2024-06-11,2024-08-03,2187.81,0.0,Overdue,2024-06-11 04:12:08+00
21,9,INV-0021,2024-12-16,2025-02-04,9614.11,563.97,Overdue,2024-12-16 16:51:02+00
22,474,INV-0022,2024-12-29,2025-02-23,6338.28,4736.97,Overdue,2024-12-29 08:59:24+00
23,211,INV-0023,2024-12-11,2025-01-15,8927.53,0.0,Overdue,2024-12-11 22:09:27+00
24,167,INV-0024,2025-04-09,2025-05-23,9584.57,0.0,Overdue,2025-04-09 15:40:10+00
25,257,INV-0025,2025-05-10,2025-06-11,4432.54,580.41,Partially Paid,2025-05-10 05:30:55+00
26,98,INV-0026,2025-02-05,2025-03-20,8504.65,859.5,Overdue,2025-02-05 06:38:02+00
27,376,INV-0027,2024-08-20,2024-10-15,6570.99,0.0,Overdue,2024-08-20 09:47:49+00
28,360,INV-0028,2025-01-03,2025-02-20,8477.25,930.17,Overdue,2025-01-03 21:26:34+00
29,185,INV-0029,2024-08-20,2024-09-28,2073.43,1190.76,Overdue,2024-08-20 23:22:37+00
30,211,INV-0030,2024-07-15,2024-08-22,8778.66,5522.0,Overdue,2024-07-15 20:56:12+00
31,17,INV-0031,2025-01-07,2025-03-02,8074.16,0.0,Overdue,2025-01-07 01:42:19+00
32,481,INV-0032,2024-06-10,2024-08-04,9553.46,0.0,Overdue,2024-06-10 16:32:18+00
33,154,INV-0033,2024-12-05,2025-01-14,303.77,266.86,Overdue,2024-12-05 05:58:41+00
34,215,INV-0034,2024-09-25,2024-11-22,391.83,397.58000000000004,Paid,2024-09-25 13:56:12+00
35,223,INV-0035,2025-04-24,2025-05-24,4772.96,2072.01,Overdue,2025-04-24 18:48:16+00
36,183,INV-0036,2024-11-29,2025-01-01,2743.05,2306.77,Overdue,2024-11-29 17:13:46+00
37,393,INV-0037,2024-11-15,2024-12-17,5518.71,0.0,Overdue,2024-11-15 18:16:20+00
38,422,INV-0038,2024-06-06,2024-07-09,5392.43,4981.1,Overdue,2024-06-06 22:09:09+00
39,219,INV-0039,2024-08-10,2024-10-02,8267.11,0.0,Overdue,2024-08-10 05:59:17+00
40,233,INV-0040,2024-06-02,2024-07-18,6354.25,0.0,Overdue,2024-06-02 07:13:29+00
41,272,INV-0041,2025-03-22,2025-04-22,1602.53,136.38,Overdue,2025-03-22 04:06:06+00
42,327,INV-0042,2025-04-20,2025-06-07,9368.44,0.0,Open,2025-04-20 13:13:42+00
43,417,INV-0043,2025-02-25,2025-04-14,8225.72,7909.67,Overdue,2025-02-25 14:03:07+00
44,425,INV-0044,2024-07-19,2024-09-02,6280.22,4417.21,Overdue,2024-07-19 12:06:36+00
45,427,INV-0045,2024-08-14,2024-10-04,1770.12,0.0,Overdue,2024-08-14 15:58:49+00
46,484,INV-0046,2025-03-11,2025-04-13,551.05,0.0,Overdue,2025-03-11 06:16:09+00
47,314,INV-0047,2025-03-25,2025-04-30,3227.06,0.0,Overdue,2025-03-25 20:25:07+00
48,262,INV-0048,2024-06-24,2024-08-21,7800.12,0.0,Overdue,2024-06-24 15:21:55+00
49,58,INV-0049,2024-06-13,2024-07-21,4930.06,4764.67,Overdue,2024-06-13 10:29:48+00
50,267,INV-0050,2024-12-20,2025-01-20,3793.44,3506.7799999999997,Overdue,2024-12-20 04:00:29+00
51,350,INV-0051,2024-06-27,2024-08-06,9728.37,0.0,Overdue,2024-06-27 14:17:57+00
52,496,INV-0052,2025-05-12,2025-06-19,3765.6,1757.18,Partially Paid,2025-05-12 21:27:57+00
53,26,INV-0053,2024-08-29,2024-10-19,8414.04,0.0,Overdue,2024-08-29 18:20:24+00
54,154,INV-0054,2025-02-18,2025-04-01,719.98,180.01,Overdue,2025-02-18 15:57:18+00
55,149,INV-0055,2025-05-12,2025-06-23,825.14,0.0,Open,2025-05-12 04:18:21+00
56,43,INV-0056,2025-04-23,2025-06-16,9261.37,796.42,Partially Paid,2025-04-23 23:48:51+00
57,1,INV-0057,2024-06-12,2024-07-31,3382.76,0.0,Overdue,2024-06-12 12:24:08+00
58,71,INV-0058,2024-09-27,2024-11-23,7348.22,0.0,Overdue,2024-09-27 19:04:02+00
59,105,INV-0059,2025-04-09,2025-05-11,7457.24,4841.35,Overdue,2025-04-09 20:11:35+00
60,247,INV-0060,2024-05-28,2024-07-27,3717.11,0.0,Overdue,2024-05-28 05:39:32+00
61,89,INV-0061,2025-01-14,2025-02-28,1380.53,0.0,Overdue,2025-01-14 01:08:19+00
62,500,INV-0062,2025-03-22,2025-05-07,4897.39,0.0,Overdue,2025-03-22 02:36:25+00
63,212,INV-0063,2024-09-02,2024-10-24,9765.78,1868.72,Overdue,2024-09-02 01:02:46+00
64,36,INV-0064,2024-11-10,2024-12-29,8026.23,2898.88,Overdue,2024-11-10 11:38:03+00
65,370,INV-0065,2024-11-05,2024-12-22,4087.48,1152.61,Overdue,2024-11-05 19:20:16+00
66,424,INV-0066,2025-02-21,2025-03-31,8888.37,0.0,Overdue,2025-02-21 05:56:08+00
67,401,INV-0067,2024-09-29,2024-11-16,4115.2,0.0,Overdue,2024-09-29 23:23:09+00
68,76,INV-0068,2025-02-01,2025-03-07,1717.41,0.0,Overdue,2025-02-01 15:49:07+00
69,109,INV-0069,2025-03-18,2025-05-17,9634.97,3972.41,Overdue,2025-03-18 16:14:02+00
70,431,INV-0070,2025-02-28,2025-04-05,7039.39,0.0,Overdue,2025-02-28 10:25:36+00
71,384,INV-0071,2024-10-30,2024-12-02,4218.15,0.0,Overdue,2024-10-30 07:19:11+00
72,20,INV-0072,2024-12-31,2025-02-03,3446.74,1750.9399999999998,Overdue,2024-12-31 09:55:41+00
73,282,INV-0073,2024-11-09,2025-01-06,3980.15,2903.66,Overdue,2024-11-09 11:04:29+00
74,145,INV-0074,2024-12-24,2025-01-27,2877.92,0.0,Overdue,2024-12-24 15:24:40+00
75,320,INV-0075,2024-07-22,2024-09-18,7673.21,0.0,Overdue,2024-07-22 15:02:45+00
76,384,INV-0076,2024-12-18,2025-02-04,2985.23,2865.7499999999995,Overdue,2024-12-18 20:28:17+00
77,94,INV-0077,2025-01-27,2025-03-20,2237.06,1730.69,Overdue,2025-01-27 07:47:17+00
78,133,INV-0078,2025-03-11,2025-05-01,9014.16,5148.03,Overdue,2025-03-11 03:08:52+00
79,455,INV-0079,2024-12-12,2025-01-22,543.54,0.0,Overdue,2024-12-12 05:02:07+00
80,69,INV-0080,2025-03-18,2025-05-03,8708.64,0.0,Overdue,2025-03-18 06:28:08+00
81,56,INV-0081,2025-03-30,2025-05-12,7771.58,1470.94,Overdue,2025-03-30 14:50:38+00
82,281,INV-0082,2024-10-30,2024-12-03,4613.76,0.0,Overdue,2024-10-30 07:30:58+00
83,431,INV-0083,2024-11-02,2024-12-20,158.07,0.0,Overdue,2024-11-02 02:37:38+00
84,37,INV-0084,2024-12-02,2025-01-12,4348.53,0.0,Overdue,2024-12-02 02:27:24+00
85,415,INV-0085,2024-11-23,2025-01-08,5570.06,0.0,Overdue,2024-11-23 07:56:29+00
86,123,INV-0086,2025-01-04,2025-03-02,9649.29,3840.72,Overdue,2025-01-04 03:42:27+00
87,372,INV-0087,2025-03-21,2025-04-20,506.92,171.52,Overdue,2025-03-21 14:36:32+00
88,69,INV-0088,2024-12-30,2025-02-07,5405.59,0.0,Overdue,2024-12-30 05:08:22+00
89,260,INV-0089,2024-08-01,2024-09-10,9984.79,0.0,Overdue,2024-08-01 17:18:04+00
90,495,INV-0090,2024-10-01,2024-11-04,7982.27,0.0,Overdue,2024-10-01 17:31:17+00
91,332,INV-0091,2024-12-11,2025-02-04,2750.66,0.0,Overdue,2024-12-11 15:54:57+00
92,495,INV-0092,2025-02-16,2025-04-07,9965.76,6505.33,Overdue,2025-02-16 15:29:15+00
93,345,INV-0093,2025-01-29,2025-03-07,5709.29,4686.99,Overdue,2025-01-29 07:24:08+00
94,405,INV-0094,2025-05-09,2025-06-25,2909.48,2275.72,Partially Paid,2025-05-09 22:02:39+00
95,101,INV-0095,2025-04-11,2025-05-14,8279.03,3437.71,Overdue,2025-04-11 13:53:46+00
96,76,INV-0096,2025-04-19,2025-05-30,344.08,264.58,Partially Paid,2025-04-19 06:04:14+00
97,480,INV-0097,2024-07-13,2024-08-24,5773.41,4035.16,Overdue,2024-07-13 10:18:24+00
98,467,INV-0098,2024-06-01,2024-07-23,2261.37,415.18,Overdue,2024-06-01 05:30:48+00
99,315,INV-0099,2025-01-25,2025-03-24,7302.85,5175.79,Overdue,2025-01-25 10:31:06+00
100,362,INV-0100,2024-10-05,2024-11-12,9280.08,7277.129999999999,Overdue,2024-10-05 22:41:49+00
101,431,INV-0101,2025-05-08,2025-06-10,7237.99,3132.08,Partially Paid,2025-05-08 16:37:00+00
102,198,INV-0102,2024-08-01,2024-09-07,4212.58,0.0,Overdue,2024-08-01 16:10:39+00
103,71,INV-0103,2025-02-14,2025-04-11,5836.23,0.0,Overdue,2025-02-14 05:56:49+00
104,327,INV-0104,2025-04-13,2025-06-09,3916.38,0.0,Open,2025-04-13 08:56:14+00
105,483,INV-0105,2024-07-27,2024-09-05,436.18,0.0,Overdue,2024-07-27 17:00:14+00
106,468,INV-0106,2025-05-13,2025-06-23,1068.83,640.5,Partially Paid,2025-05-13 03:09:03+00
107,142,INV-0107,2025-02-14,2025-03-24,263.11,183.65,Overdue,2025-02-14 00:59:41+00
108,264,INV-0108,2024-11-04,2024-12-26,1255.73,0.0,Overdue,2024-11-04 12:55:59+00
109,273,INV-0109,2025-01-01,2025-02-16,2821.95,2020.3899999999999,Overdue,2025-01-01 02:10:19+00
110,210,INV-0110,2024-11-20,2025-01-07,9138.7,7119.9,Overdue,2024-11-20 21:25:15+00
111,316,INV-0111,2024-07-22,2024-09-08,397.81,0.0,Overdue,2024-07-22 07:15:35+00
112,41,INV-0112,2024-10-22,2024-11-27,6375.2,2529.7000000000003,Overdue,2024-10-22 19:36:10+00
113,62,INV-0113,2024-09-21,2024-10-30,5541.56,0.0,Overdue,2024-09-21 19:29:41+00
114,223,INV-0114,2024-11-27,2025-01-13,7052.23,0.0,Overdue,2024-11-27 05:57:50+00
115,40,INV-0115,2024-11-12,2024-12-13,4056.62,566.03,Overdue,2024-11-12 19:38:30+00
116,252,INV-0116,2024-06-20,2024-07-28,5011.8,2779.36,Overdue,2024-06-20 14:37:56+00
117,395,INV-0117,2025-02-17,2025-03-22,7137.27,2435.83,Overdue,2025-02-17 15:57:13+00
118,317,INV-0118,2025-02-19,2025-04-01,5190.25,0.0,Overdue,2025-02-19 08:06:59+00
119,446,INV-0119,2024-07-30,2024-09-28,3543.38,0.0,Overdue,2024-07-30 08:20:46+00
120,124,INV-0120,2024-06-24,2024-08-20,771.64,773.9300000000001,Paid,2024-06-24 03:41:45+00
121,141,INV-0121,2025-04-08,2025-06-07,9150.44,2659.05,Partially Paid,2025-04-08 00:57:01+00
122,246,INV-0122,2025-03-01,2025-03-31,3854.93,227.05,Overdue,2025-03-01 20:08:15+00
123,253,INV-0123,2024-06-11,2024-07-28,434.99,365.8,Overdue,2024-06-11 21:41:08+00
124,68,INV-0124,2025-03-16,2025-04-23,9048.65,3414.24,Overdue,2025-03-16 10:40:12+00
125,214,INV-0125,2024-11-30,2025-01-05,4970.73,0.0,Overdue,2024-11-30 21:19:13+00
126,448,INV-0126,2024-09-29,2024-11-12,8986.28,0.0,Overdue,2024-09-29 14:10:27+00
127,262,INV-0127,2024-10-18,2024-11-23,2880.78,0.0,Overdue,2024-10-18 07:28:11+00
128,2,INV-0128,2024-07-03,2024-08-07,599.23,0.0,Overdue,2024-07-03 09:03:30+00
129,384,INV-0129,2024-06-20,2024-07-20,3832.27,0.0,Overdue,2024-06-20 18:10:46+00
130,150,INV-0130,2024-12-12,2025-01-21,5121.77,0.0,Overdue,2024-12-12 07:59:03+00
131,500,INV-0131,2024-05-24,2024-06-24,4566.23,2759.02,Overdue,2024-05-24 17:40:14+00
132,181,INV-0132,2025-04-26,2025-06-09,323.43,137.08,Partially Paid,2025-04-26 16:42:05+00
133,292,INV-0133,2025-02-12,2025-04-08,7080.7,2630.9100000000003,Overdue,2025-02-12 10:13:49+00
134,328,INV-0134,2025-01-30,2025-03-23,6413.29,0.0,Overdue,2025-01-30 12:19:25+00
135,315,INV-0135,2024-12-19,2025-01-24,6203.19,0.0,Overdue,2024-12-19 09:37:48+00
136,274,INV-0136,2024-12-24,2025-01-23,7864.45,0.0,Overdue,2024-12-24 08:37:48+00
137,177,INV-0137,2024-07-16,2024-08-24,1569.89,619.65,Overdue,2024-07-16 02:13:02+00
138,327,INV-0138,2025-01-19,2025-03-06,5094.12,157.6,Overdue,2025-01-19 05:17:03+00
139,144,INV-0139,2024-08-01,2024-09-07,7688.13,0.0,Overdue,2024-08-01 18:23:51+00
140,294,INV-0140,2024-08-31,2024-10-17,3049.2,0.0,Overdue,2024-08-31 18:04:51+00
141,24,INV-0141,2024-10-10,2024-11-12,8876.41,3121.86,Overdue,2024-10-10 17:42:32+00
142,188,INV-0142,2025-05-14,2025-06-14,5169.98,2710.3,Partially Paid,2025-05-14 01:34:03+00
143,212,INV-0143,2024-09-08,2024-11-06,1783.56,0.0,Overdue,2024-09-08 06:58:23+00
144,176,INV-0144,2025-05-11,2025-07-10,8450.2,3805.8900000000003,Partially Paid,2025-05-11 21:01:45+00
145,363,INV-0145,2024-08-08,2024-09-23,6129.44,0.0,Overdue,2024-08-08 06:14:10+00
146,443,INV-0146,2024-09-09,2024-10-27,4595.8,323.12,Overdue,2024-09-09 19:43:24+00
147,477,INV-0147,2024-05-28,2024-07-09,3372.82,0.0,Overdue,2024-05-28 23:27:53+00
148,124,INV-0148,2025-02-19,2025-04-12,5632.34,2763.24,Overdue,2025-02-19 05:29:03+00
149,15,INV-0149,2024-12-12,2025-01-15,1435.49,672.66,Overdue,2024-12-12 21:15:16+00
150,292,INV-0150,2025-03-16,2025-04-18,2427.95,0.0,Overdue,2025-03-16 13:03:15+00
151,305,INV-0151,2024-11-19,2025-01-06,4925.24,4306.71,Overdue,2024-11-19 01:27:07+00
152,422,INV-0152,2025-03-07,2025-04-19,2539.76,0.0,Overdue,2025-03-07 14:29:11+00
153,387,INV-0153,2025-03-04,2025-04-13,5817.91,2348.13,Overdue,2025-03-04 10:59:19+00
154,144,INV-0154,2025-02-12,2025-03-14,7740.16,1545.87,Overdue,2025-02-12 11:37:13+00
155,307,INV-0155,2024-06-26,2024-07-28,8607.73,6362.58,Overdue,2024-06-26 14:10:52+00
156,10,INV-0156,2024-08-27,2024-10-05,2120.77,1532.91,Overdue,2024-08-27 21:11:39+00
157,369,INV-0157,2025-01-14,2025-02-24,2382.35,345.69,Overdue,2025-01-14 08:55:40+00
158,437,INV-0158,2024-07-17,2024-08-20,7670.41,165.93,Overdue,2024-07-17 21:20:55+00
159,134,INV-0159,2024-08-03,2024-09-15,6701.69,4476.28,Overdue,2024-08-03 08:59:06+00
160,257,INV-0160,2024-08-25,2024-10-16,2089.07,2083.58,Overdue,2024-08-25 01:33:29+00
161,422,INV-0161,2024-10-01,2024-11-06,3384.14,0.0,Overdue,2024-10-01 13:55:15+00
162,299,INV-0162,2024-06-09,2024-07-29,462.58,293.36,Overdue,2024-06-09 03:20:37+00
163,28,INV-0163,2024-11-14,2025-01-02,1568.02,0.0,Overdue,2024-11-14 09:39:17+00
164,276,INV-0164,2024-11-11,2025-01-08,9448.1,5671.27,Overdue,2024-11-11 12:16:42+00
165,499,INV-0165,2024-10-17,2024-11-17,8037.94,856.81,Overdue,2024-10-17 23:36:36+00
166,330,INV-0166,2024-05-25,2024-07-14,7183.53,706.39,Overdue,2024-05-25 07:55:20+00
167,391,INV-0167,2025-04-27,2025-06-25,4191.58,1031.91,Partially Paid,2025-04-27 13:27:52+00
168,417,INV-0168,2025-03-16,2025-04-23,4545.98,295.2,Overdue,2025-03-16 15:40:27+00
169,208,INV-0169,2024-09-20,2024-11-18,7414.84,2951.47,Overdue,2024-09-20 03:40:54+00
170,133,INV-0170,2024-08-06,2024-09-19,789.64,0.0,Overdue,2024-08-06 20:34:40+00
171,63,INV-0171,2024-06-04,2024-07-15,2728.83,0.0,Overdue,2024-06-04 19:03:38+00
172,498,INV-0172,2024-06-15,2024-08-12,421.52,134.78,Overdue,2024-06-15 12:18:30+00
173,470,INV-0173,2025-03-30,2025-05-19,2882.11,871.1,Overdue,2025-03-30 01:42:33+00
174,66,INV-0174,2024-12-18,2025-02-05,7625.29,0.0,Overdue,2024-12-18 12:46:49+00
175,181,INV-0175,2024-12-10,2025-01-21,3703.29,1170.76,Overdue,2024-12-10 21:44:19+00
176,445,INV-0176,2024-12-22,2025-02-19,3635.46,3116.96,Overdue,2024-12-22 18:31:37+00
177,284,INV-0177,2024-07-11,2024-08-13,7807.45,7281.12,Overdue,2024-07-11 05:47:58+00
178,487,INV-0178,2024-12-26,2025-02-16,6513.84,0.0,Overdue,2024-12-26 20:58:44+00
179,389,INV-0179,2024-08-03,2024-09-27,6595.25,608.45,Overdue,2024-08-03 11:00:48+00
180,334,INV-0180,2024-11-07,2024-12-15,5465.58,4367.28,Overdue,2024-11-07 11:23:22+00
181,7,INV-0181,2024-08-04,2024-10-03,6627.36,3821.19,Overdue,2024-08-04 14:06:46+00
182,77,INV-0182,2025-04-09,2025-05-17,8877.95,0.0,Overdue,2025-04-09 03:43:30+00
183,182,INV-0183,2025-01-06,2025-03-07,6869.09,0.0,Overdue,2025-01-06 06:34:04+00
184,63,INV-0184,2024-06-07,2024-07-14,5117.49,4096.53,Overdue,2024-06-07 23:20:44+00
185,443,INV-0185,2024-07-24,2024-08-25,9215.04,0.0,Overdue,2024-07-24 19:00:55+00
186,371,INV-0186,2024-06-26,2024-07-27,8238.49,7821.65,Overdue,2024-06-26 01:14:10+00
187,306,INV-0187,2024-11-20,2025-01-03,7712.16,0.0,Overdue,2024-11-20 08:31:01+00
188,265,INV-0188,2024-11-25,2025-01-06,175.89,85.53,Overdue,2024-11-25 04:46:12+00
189,268,INV-0189,2025-03-03,2025-04-11,2118.04,0.0,Overdue,2025-03-03 03:55:49+00
190,281,INV-0190,2025-01-11,2025-03-09,6216.18,532.07,Overdue,2025-01-11 05:42:07+00
191,80,INV-0191,2024-12-17,2025-01-19,4835.77,0.0,Overdue,2024-12-17 16:00:09+00
192,130,INV-0192,2025-03-31,2025-05-24,577.97,0.0,Overdue,2025-03-31 11:58:32+00
193,298,INV-0193,2024-12-23,2025-02-14,8004.84,3599.54,Overdue,2024-12-23 03:36:54+00
194,238,INV-0194,2025-01-30,2025-03-13,3500.7,0.0,Overdue,2025-01-30 14:59:56+00
195,246,INV-0195,2024-05-29,2024-07-15,3293.02,0.0,Overdue,2024-05-29 20:51:07+00
196,288,INV-0196,2024-11-08,2025-01-03,8892.0,415.07,Overdue,2024-11-08 04:26:22+00
197,13,INV-0197,2024-07-25,2024-09-16,4474.32,3097.98,Overdue,2024-07-25 20:16:49+00
198,213,INV-0198,2025-02-28,2025-04-15,8066.89,0.0,Overdue,2025-02-28 23:54:21+00
199,444,INV-0199,2024-11-07,2024-12-27,1449.4,0.0,Overdue,2024-11-07 06:59:29+00
200,478,INV-0200,2025-03-17,2025-05-04,5879.52,0.0,Overdue,2025-03-17 04:11:38+00
201,223,INV-0201,2024-08-01,2024-09-16,1346.3,219.27,Overdue,2024-08-01 10:06:57+00
202,353,INV-0202,2025-04-06,2025-06-02,6863.55,4460.99,Partially Paid,2025-04-06 01:10:18+00
203,145,INV-0203,2024-09-06,2024-11-03,4750.73,4671.15,Overdue,2024-09-06 08:54:08+00
204,386,INV-0204,2024-06-09,2024-07-29,1666.87,1639.92,Overdue,2024-06-09 07:26:09+00
205,487,INV-0205,2024-08-12,2024-09-16,7702.48,0.0,Overdue,2024-08-12 07:20:51+00
206,497,INV-0206,2025-03-30,2025-05-11,619.78,552.62,Overdue,2025-03-30 06:29:50+00
207,274,INV-0207,2024-10-03,2024-11-05,2578.0,0.0,Overdue,2024-10-03 14:25:14+00
208,421,INV-0208,2024-09-29,2024-11-26,8221.19,0.0,Overdue,2024-09-29 22:11:36+00
209,397,INV-0209,2025-04-02,2025-05-17,1996.53,1991.96,Overdue,2025-04-02 22:03:58+00
210,238,INV-0210,2025-02-26,2025-04-19,7137.25,0.0,Overdue,2025-02-26 05:57:53+00
211,303,INV-0211,2025-04-24,2025-06-05,964.28,575.22,Partially Paid,2025-04-24 21:15:14+00
212,155,INV-0212,2025-03-01,2025-04-18,3122.42,2910.14,Overdue,2025-03-01 17:10:02+00
213,64,INV-0213,2024-12-15,2025-01-22,7095.86,2324.84,Overdue,2024-12-15 16:17:50+00
214,178,INV-0214,2024-11-27,2025-01-11,7013.61,3354.77,Overdue,2024-11-27 12:37:07+00
215,236,INV-0215,2025-03-17,2025-04-26,106.88,127.86,Paid,2025-03-17 19:58:45+00
216,170,INV-0216,2024-08-19,2024-10-16,8695.3,5041.42,Overdue,2024-08-19 20:36:09+00
217,347,INV-0217,2025-02-01,2025-03-04,8379.02,0.0,Overdue,2025-02-01 18:23:28+00
218,58,INV-0218,2025-04-11,2025-06-04,6458.93,2105.24,Partially Paid,2025-04-11 04:07:34+00
219,27,INV-0219,2024-12-22,2025-01-31,8265.39,2919.43,Overdue,2024-12-22 21:46:39+00
220,229,INV-0220,2025-03-16,2025-04-28,1341.84,1143.36,Overdue,2025-03-16 06:53:39+00
221,327,INV-0221,2024-07-10,2024-09-02,5572.58,562.75,Overdue,2024-07-10 16:12:45+00
222,98,INV-0222,2024-08-08,2024-09-18,1955.82,1910.71,Overdue,2024-08-08 13:39:37+00
223,470,INV-0223,2025-04-25,2025-06-19,9204.14,0.0,Open,2025-04-25 06:30:14+00
224,74,INV-0224,2024-10-20,2024-11-25,5253.35,0.0,Overdue,2024-10-20 10:40:52+00
225,109,INV-0225,2024-08-28,2024-10-05,9508.3,509.53,Overdue,2024-08-28 04:38:53+00
226,6,INV-0226,2025-02-14,2025-04-12,9650.98,3294.7,Overdue,2025-02-14 17:03:27+00
227,440,INV-0227,2025-03-29,2025-05-01,5605.72,5120.99,Overdue,2025-03-29 21:24:26+00
228,485,INV-0228,2024-06-24,2024-08-23,7574.62,0.0,Overdue,2024-06-24 16:25:29+00
229,66,INV-0229,2024-06-14,2024-08-05,6494.38,2104.15,Overdue,2024-06-14 04:00:06+00
230,155,INV-0230,2024-07-21,2024-09-18,5812.02,0.0,Overdue,2024-07-21 03:54:11+00
231,219,INV-0231,2025-01-13,2025-02-20,4166.26,2852.46,Overdue,2025-01-13 18:32:51+00
232,417,INV-0232,2024-06-25,2024-08-01,9345.17,9071.09,Overdue,2024-06-25 06:13:47+00
233,23,INV-0233,2024-12-01,2025-01-20,2892.8,0.0,Overdue,2024-12-01 18:33:35+00
234,180,INV-0234,2024-07-02,2024-08-15,9926.09,2641.68,Overdue,2024-07-02 11:35:13+00
235,33,INV-0235,2025-03-31,2025-05-17,5236.17,2343.09,Overdue,2025-03-31 12:25:30+00
236,257,INV-0236,2024-09-02,2024-10-16,4291.18,2520.75,Overdue,2024-09-02 00:10:21+00
237,493,INV-0237,2024-11-16,2024-12-21,3169.58,0.0,Overdue,2024-11-16 09:27:00+00
238,451,INV-0238,2025-02-20,2025-03-26,3674.59,3536.29,Overdue,2025-02-20 12:32:42+00
239,187,INV-0239,2024-11-07,2024-12-08,7720.37,1016.28,Overdue,2024-11-07 13:52:45+00
240,361,INV-0240,2024-05-26,2024-07-09,260.26,0.0,Overdue,2024-05-26 04:33:08+00
241,281,INV-0241,2024-07-06,2024-08-21,5603.45,2486.51,Overdue,2024-07-06 17:01:49+00
242,206,INV-0242,2025-01-23,2025-03-10,5941.43,3772.28,Overdue,2025-01-23 20:07:37+00
243,401,INV-0243,2024-08-22,2024-10-21,5919.29,0.0,Overdue,2024-08-22 17:00:23+00
244,367,INV-0244,2025-03-24,2025-05-02,1281.44,0.0,Overdue,2025-03-24 16:43:49+00
245,214,INV-0245,2025-01-08,2025-02-12,4410.19,0.0,Overdue,2025-01-08 19:03:21+00
246,449,INV-0246,2024-07-15,2024-08-18,6586.26,0.0,Overdue,2024-07-15 22:09:42+00
247,487,INV-0247,2025-04-19,2025-05-20,4493.39,0.0,Overdue,2025-04-19 12:44:46+00
248,413,INV-0248,2024-09-08,2024-10-27,1215.22,1038.52,Overdue,2024-09-08 22:08:39+00
249,146,INV-0249,2024-09-02,2024-10-06,3279.39,625.24,Overdue,2024-09-02 00:44:45+00
250,334,INV-0250,2025-04-20,2025-06-10,236.8,245.44,Paid,2025-04-20 21:39:33+00
251,197,INV-0251,2024-08-20,2024-10-17,2328.74,0.0,Overdue,2024-08-20 07:59:49+00
252,498,INV-0252,2024-09-07,2024-11-03,4153.45,0.0,Overdue,2024-09-07 05:45:33+00
253,59,INV-0253,2025-02-15,2025-04-06,9711.27,0.0,Overdue,2025-02-15 13:01:46+00
254,482,INV-0254,2025-02-14,2025-04-08,1759.58,0.0,Overdue,2025-02-14 12:21:43+00
255,386,INV-0255,2024-10-01,2024-11-29,5633.14,3138.41,Overdue,2024-10-01 14:55:51+00
256,118,INV-0256,2024-11-03,2024-12-03,598.27,90.83,Overdue,2024-11-03 03:17:59+00
257,112,INV-0257,2024-11-19,2024-12-19,2704.72,0.0,Overdue,2024-11-19 05:37:07+00
258,430,INV-0258,2025-03-02,2025-04-24,8727.32,3824.57,Overdue,2025-03-02 11:42:05+00
259,90,INV-0259,2025-02-10,2025-03-14,1922.25,0.0,Overdue,2025-02-10 13:21:53+00
260,339,INV-0260,2025-05-08,2025-06-15,4252.23,365.03,Partially Paid,2025-05-08 12:26:32+00
261,485,INV-0261,2024-07-23,2024-09-01,9608.79,0.0,Overdue,2024-07-23 01:43:49+00
262,135,INV-0262,2025-02-17,2025-04-12,6673.09,0.0,Overdue,2025-02-17 03:42:39+00
263,331,INV-0263,2024-10-05,2024-12-02,3821.97,1532.0,Overdue,2024-10-05 03:58:51+00
264,51,INV-0264,2024-09-29,2024-11-12,6738.55,785.32,Overdue,2024-09-29 01:53:54+00
265,109,INV-0265,2025-01-12,2025-02-27,8383.88,0.0,Overdue,2025-01-12 13:56:23+00
266,72,INV-0266,2025-01-28,2025-03-21,7761.24,1822.57,Overdue,2025-01-28 01:53:03+00
267,28,INV-0267,2025-01-27,2025-03-10,9818.54,4629.83,Overdue,2025-01-27 09:09:30+00
268,192,INV-0268,2024-07-26,2024-09-10,4970.34,0.0,Overdue,2024-07-26 20:47:30+00
269,419,INV-0269,2024-06-26,2024-08-13,1773.04,1509.83,Overdue,2024-06-26 13:54:05+00
270,110,INV-0270,2024-09-29,2024-11-26,4916.99,0.0,Overdue,2024-09-29 21:08:27+00
271,166,INV-0271,2024-11-05,2025-01-04,1887.55,741.26,Overdue,2024-11-05 18:06:21+00
272,476,INV-0272,2024-06-22,2024-08-20,4976.37,2727.26,Overdue,2024-06-22 15:08:45+00
273,111,INV-0273,2024-05-30,2024-07-17,2224.25,255.43,Overdue,2024-05-30 23:45:56+00
274,379,INV-0274,2024-07-16,2024-09-05,5923.66,2125.96,Overdue,2024-07-16 23:15:55+00
275,177,INV-0275,2024-12-27,2025-02-12,9283.69,0.0,Overdue,2024-12-27 08:02:29+00
276,379,INV-0276,2024-11-10,2024-12-20,6968.77,1059.69,Overdue,2024-11-10 03:29:46+00
277,196,INV-0277,2024-11-26,2025-01-09,7591.79,0.0,Overdue,2024-11-26 19:40:20+00
278,251,INV-0278,2024-09-18,2024-10-23,8419.85,0.0,Overdue,2024-09-18 19:29:59+00
279,310,INV-0279,2024-07-08,2024-08-11,2304.87,0.0,Overdue,2024-07-08 09:39:52+00
280,278,INV-0280,2025-02-18,2025-03-22,2743.85,0.0,Overdue,2025-02-18 03:07:18+00
281,380,INV-0281,2024-08-14,2024-10-05,9532.01,2993.18,Overdue,2024-08-14 22:37:56+00
282,101,INV-0282,2025-05-13,2025-06-13,6216.57,0.0,Open,2025-05-13 21:09:45+00
283,375,INV-0283,2024-11-22,2025-01-12,5082.81,0.0,Overdue,2024-11-22 11:14:03+00
284,61,INV-0284,2024-08-28,2024-10-16,4746.55,0.0,Overdue,2024-08-28 10:28:58+00
285,292,INV-0285,2024-11-23,2025-01-05,6053.11,2603.18,Overdue,2024-11-23 18:26:38+00
286,21,INV-0286,2024-07-08,2024-08-25,6527.75,0.0,Overdue,2024-07-08 17:33:27+00
287,146,INV-0287,2025-03-04,2025-04-03,4919.13,3300.1,Overdue,2025-03-04 22:02:50+00
288,456,INV-0288,2025-05-09,2025-07-01,6549.57,4262.06,Partially Paid,2025-05-09 06:13:31+00
289,215,INV-0289,2024-07-11,2024-08-24,7322.17,0.0,Overdue,2024-07-11 17:25:45+00
290,386,INV-0290,2024-07-02,2024-08-28,258.24,0.0,Overdue,2024-07-02 04:24:36+00
291,66,INV-0291,2024-07-22,2024-08-28,5753.11,0.0,Overdue,2024-07-22 10:54:01+00
292,84,INV-0292,2025-01-08,2025-02-17,2181.01,0.0,Overdue,2025-01-08 23:03:24+00
293,206,INV-0293,2024-12-10,2025-01-23,6546.45,2872.98,Overdue,2024-12-10 19:51:54+00
294,156,INV-0294,2024-07-29,2024-09-02,3972.74,1036.51,Overdue,2024-07-29 17:10:39+00
295,476,INV-0295,2025-01-12,2025-02-13,4455.31,0.0,Overdue,2025-01-12 16:37:51+00
296,83,INV-0296,2025-04-16,2025-05-20,2270.69,0.0,Overdue,2025-04-16 08:08:38+00
297,210,INV-0297,2024-09-29,2024-11-25,9911.96,0.0,Overdue,2024-09-29 00:11:58+00
298,11,INV-0298,2024-11-26,2025-01-19,4016.14,1564.25,Overdue,2024-11-26 06:51:49+00
299,428,INV-0299,2025-04-01,2025-05-15,8469.15,0.0,Overdue,2025-04-01 02:55:55+00
300,95,INV-0300,2025-03-20,2025-05-18,4945.2,214.46,Overdue,2025-03-20 21:32:44+00
301,144,INV-0301,2024-11-28,2025-01-04,7359.92,0.0,Overdue,2024-11-28 18:45:59+00
302,80,INV-0302,2025-01-14,2025-03-02,2018.21,0.0,Overdue,2025-01-14 00:46:50+00
303,20,INV-0303,2024-11-04,2024-12-27,2321.93,1622.25,Overdue,2024-11-04 17:45:59+00
304,184,INV-0304,2025-03-04,2025-04-09,9564.67,86.78,Overdue,2025-03-04 06:43:18+00
305,164,INV-0305,2025-04-29,2025-06-03,2640.67,0.0,Open,2025-04-29 08:18:22+00
306,2,INV-0306,2024-08-12,2024-09-15,1653.7,1406.63,Overdue,2024-08-12 12:11:59+00
307,36,INV-0307,2024-12-09,2025-01-19,9850.03,2045.57,Overdue,2024-12-09 20:36:24+00
308,104,INV-0308,2025-03-08,2025-05-02,8441.36,0.0,Overdue,2025-03-08 03:01:49+00
309,59,INV-0309,2025-01-18,2025-02-27,7337.4,2503.14,Overdue,2025-01-18 18:07:58+00
310,465,INV-0310,2025-03-10,2025-04-16,3054.19,2298.92,Overdue,2025-03-10 16:09:25+00
311,231,INV-0311,2025-04-12,2025-05-19,5057.9,0.0,Overdue,2025-04-12 01:23:10+00
312,98,INV-0312,2024-06-07,2024-07-07,5135.5,5032.7300000000005,Overdue,2024-06-07 06:11:25+00
313,236,INV-0313,2025-04-19,2025-06-03,5707.71,1899.87,Partially Paid,2025-04-19 20:02:34+00
314,254,INV-0314,2025-04-19,2025-05-23,4994.54,0.0,Overdue,2025-04-19 23:25:13+00
315,195,INV-0315,2024-09-25,2024-11-09,8275.61,2973.81,Overdue,2024-09-25 13:08:09+00
316,293,INV-0316,2024-12-26,2025-02-14,1172.33,0.0,Overdue,2024-12-26 11:01:58+00
317,377,INV-0317,2024-11-17,2024-12-19,4741.62,0.0,Overdue,2024-11-17 14:29:04+00
318,21,INV-0318,2024-05-29,2024-06-30,4429.21,314.98,Overdue,2024-05-29 09:07:37+00
319,401,INV-0319,2024-10-03,2024-11-03,2764.27,0.0,Overdue,2024-10-03 20:58:39+00
320,233,INV-0320,2025-02-07,2025-04-04,9992.48,2190.39,Overdue,2025-02-07 05:10:59+00
321,281,INV-0321,2024-10-05,2024-11-09,4228.4,0.0,Overdue,2024-10-05 11:28:09+00
322,404,INV-0322,2024-10-20,2024-11-21,4374.68,4033.51,Overdue,2024-10-20 08:25:21+00
323,315,INV-0323,2025-04-27,2025-06-03,6240.86,4364.44,Partially Paid,2025-04-27 08:37:39+00
324,75,INV-0324,2025-03-22,2025-04-30,2072.89,0.0,Overdue,2025-03-22 21:38:43+00
325,45,INV-0325,2024-11-16,2025-01-12,6940.51,3966.62,Overdue,2024-11-16 15:24:27+00
326,310,INV-0326,2025-04-17,2025-06-08,4600.28,0.0,Open,2025-04-17 23:33:15+00
327,394,INV-0327,2024-09-24,2024-10-28,3003.1,1321.12,Overdue,2024-09-24 03:35:06+00
328,291,INV-0328,2024-08-21,2024-10-15,2163.65,0.0,Overdue,2024-08-21 20:13:58+00
329,213,INV-0329,2024-09-01,2024-10-21,7410.6,4392.17,Overdue,2024-09-01 14:26:30+00
330,321,INV-0330,2024-10-27,2024-12-21,114.53,111.7,Overdue,2024-10-27 18:37:50+00
331,14,INV-0331,2025-04-19,2025-05-21,5026.24,0.0,Overdue,2025-04-19 18:40:48+00
332,482,INV-0332,2025-05-05,2025-06-09,8977.09,0.0,Open,2025-05-05 19:02:33+00
333,178,INV-0333,2025-04-09,2025-05-20,3729.52,1557.58,Overdue,2025-04-09 18:51:32+00
334,158,INV-0334,2024-06-04,2024-07-24,2908.62,0.0,Overdue,2024-06-04 21:24:44+00
335,126,INV-0335,2024-07-23,2024-09-21,6714.2,6461.7,Overdue,2024-07-23 06:57:52+00
336,395,INV-0336,2024-10-21,2024-11-22,9851.13,1690.11,Overdue,2024-10-21 09:20:35+00
337,297,INV-0337,2025-04-12,2025-06-02,2590.52,714.2,Partially Paid,2025-04-12 14:44:07+00
338,381,INV-0338,2024-10-19,2024-11-27,3716.26,0.0,Overdue,2024-10-19 04:25:43+00
339,348,INV-0339,2024-07-12,2024-08-16,3854.62,0.0,Overdue,2024-07-12 03:06:08+00
340,359,INV-0340,2024-08-08,2024-10-07,6476.68,0.0,Overdue,2024-08-08 06:24:25+00
341,26,INV-0341,2024-11-05,2024-12-05,5725.26,0.0,Overdue,2024-11-05 12:55:15+00
342,188,INV-0342,2025-03-03,2025-04-13,6313.24,6266.4,Overdue,2025-03-03 16:37:30+00
343,276,INV-0343,2024-11-15,2024-12-18,8183.57,4543.71,Overdue,2024-11-15 03:33:43+00
344,415,INV-0344,2025-01-29,2025-03-23,8502.52,452.13,Overdue,2025-01-29 05:59:30+00
345,89,INV-0345,2025-02-06,2025-04-07,362.0,248.22,Overdue,2025-02-06 11:31:55+00
346,142,INV-0346,2024-11-17,2025-01-10,2145.04,0.0,Overdue,2024-11-17 11:16:27+00
347,64,INV-0347,2025-02-16,2025-04-16,4696.91,4135.99,Overdue,2025-02-16 00:59:36+00
348,447,INV-0348,2025-03-29,2025-05-21,3487.17,1840.19,Overdue,2025-03-29 05:28:35+00
349,291,INV-0349,2025-03-09,2025-04-17,4244.72,3701.91,Overdue,2025-03-09 14:28:53+00
350,68,INV-0350,2025-02-25,2025-04-17,7813.79,98.46,Overdue,2025-02-25 00:05:28+00
351,19,INV-0351,2025-02-08,2025-04-08,3057.42,910.27,Overdue,2025-02-08 02:32:11+00
352,100,INV-0352,2025-02-27,2025-04-25,2715.06,1654.4,Overdue,2025-02-27 12:32:52+00
353,397,INV-0353,2024-06-09,2024-07-12,2700.17,0.0,Overdue,2024-06-09 14:56:01+00
354,185,INV-0354,2024-05-26,2024-06-25,1400.07,529.59,Overdue,2024-05-26 18:09:51+00
355,217,INV-0355,2025-02-26,2025-04-25,5112.26,0.0,Overdue,2025-02-26 07:38:41+00
356,320,INV-0356,2025-03-18,2025-04-23,4362.48,0.0,Overdue,2025-03-18 06:39:39+00
357,486,INV-0357,2024-08-02,2024-09-29,4781.13,253.68,Overdue,2024-08-02 04:58:16+00
358,282,INV-0358,2025-01-31,2025-04-01,7232.95,0.0,Overdue,2025-01-31 04:34:09+00
359,185,INV-0359,2025-05-12,2025-07-03,5609.86,4976.1900000000005,Partially Paid,2025-05-12 12:07:57+00
360,333,INV-0360,2024-08-18,2024-10-17,269.6,0.0,Overdue,2024-08-18 16:53:24+00
361,215,INV-0361,2025-01-23,2025-03-03,6627.93,3543.1,Overdue,2025-01-23 07:41:28+00
362,361,INV-0362,2024-12-13,2025-01-20,8669.62,0.0,Overdue,2024-12-13 06:17:25+00
363,125,INV-0363,2024-10-23,2024-11-25,3412.2,1716.33,Overdue,2024-10-23 18:36:25+00
364,185,INV-0364,2024-12-02,2025-01-13,6116.44,0.0,Overdue,2024-12-02 14:27:03+00
365,385,INV-0365,2024-10-27,2024-12-20,5660.03,3831.82,Overdue,2024-10-27 21:56:59+00
366,484,INV-0366,2024-08-06,2024-09-19,7033.5,2735.48,Overdue,2024-08-06 02:25:30+00
367,361,INV-0367,2024-11-16,2024-12-18,9143.92,4421.03,Overdue,2024-11-16 20:18:43+00
368,143,INV-0368,2024-08-25,2024-10-17,9181.56,0.0,Overdue,2024-08-25 06:37:39+00
369,257,INV-0369,2024-12-29,2025-02-16,2798.32,0.0,Overdue,2024-12-29 17:40:47+00
370,269,INV-0370,2024-11-21,2025-01-13,4490.21,3170.02,Overdue,2024-11-21 19:50:00+00
371,300,INV-0371,2024-12-11,2025-01-13,8810.71,0.0,Overdue,2024-12-11 19:21:53+00
372,79,INV-0372,2025-03-26,2025-04-27,7259.04,4850.08,Overdue,2025-03-26 10:12:45+00
373,421,INV-0373,2024-08-11,2024-09-18,274.79,274.01,Overdue,2024-08-11 01:14:52+00
374,180,INV-0374,2024-10-24,2024-12-16,7764.83,0.0,Overdue,2024-10-24 15:21:39+00
375,68,INV-0375,2024-06-11,2024-07-18,990.32,212.1,Overdue,2024-06-11 09:23:28+00
376,123,INV-0376,2024-11-03,2024-12-16,7654.3,0.0,Overdue,2024-11-03 00:36:02+00
377,216,INV-0377,2024-06-13,2024-07-31,1391.76,1302.68,Overdue,2024-06-13 12:27:58+00
378,378,INV-0378,2024-10-26,2024-12-25,6528.42,1017.67,Overdue,2024-10-26 01:59:03+00
379,448,INV-0379,2024-09-19,2024-10-25,3064.9,0.0,Overdue,2024-09-19 06:16:52+00
380,346,INV-0380,2024-09-16,2024-11-15,5609.98,0.0,Overdue,2024-09-16 21:08:01+00
381,425,INV-0381,2024-09-16,2024-11-10,3021.74,0.0,Overdue,2024-09-16 17:37:52+00
382,494,INV-0382,2024-07-12,2024-08-31,1600.18,0.0,Overdue,2024-07-12 13:16:00+00
383,184,INV-0383,2024-07-11,2024-08-25,2265.54,0.0,Overdue,2024-07-11 01:52:54+00
384,263,INV-0384,2024-06-15,2024-08-02,4578.04,0.0,Overdue,2024-06-15 22:52:45+00
385,415,INV-0385,2024-09-20,2024-11-11,3255.26,0.0,Overdue,2024-09-20 16:07:49+00
386,158,INV-0386,2024-08-31,2024-10-03,5066.52,0.0,Overdue,2024-08-31 13:32:17+00
387,369,INV-0387,2024-09-06,2024-11-02,6529.04,0.0,Overdue,2024-09-06 22:54:43+00
388,23,INV-0388,2025-01-04,2025-02-09,4313.11,3018.4,Overdue,2025-01-04 20:04:25+00
389,36,INV-0389,2025-05-08,2025-06-30,5497.45,0.0,Open,2025-05-08 11:07:15+00
390,149,INV-0390,2025-04-30,2025-05-30,6527.18,805.45,Partially Paid,2025-04-30 01:27:18+00
391,344,INV-0391,2025-04-23,2025-06-15,8940.82,4418.87,Partially Paid,2025-04-23 01:41:52+00
392,424,INV-0392,2024-08-30,2024-10-17,9675.41,0.0,Overdue,2024-08-30 21:07:38+00
393,152,INV-0393,2025-03-04,2025-05-02,307.15,0.0,Overdue,2025-03-04 02:21:45+00
394,400,INV-0394,2024-09-26,2024-11-09,5375.94,3613.9300000000003,Overdue,2024-09-26 05:12:38+00
395,93,INV-0395,2024-06-09,2024-07-15,1893.26,1569.38,Overdue,2024-06-09 12:05:06+00
396,105,INV-0396,2024-05-29,2024-07-08,6895.96,3141.58,Overdue,2024-05-29 19:03:25+00
397,106,INV-0397,2024-06-20,2024-07-29,2953.99,2944.0200000000004,Overdue,2024-06-20 22:08:19+00
398,423,INV-0398,2024-07-29,2024-08-30,769.07,513.71,Overdue,2024-07-29 20:48:06+00
399,224,INV-0399,2024-07-10,2024-08-16,503.33,480.76,Overdue,2024-07-10 07:01:13+00
400,465,INV-0400,2025-01-12,2025-03-11,9733.57,5522.54,Overdue,2025-01-12 06:08:53+00
401,304,INV-0401,2025-04-24,2025-06-23,2094.59,915.89,Partially Paid,2025-04-24 03:40:08+00
402,168,INV-0402,2025-02-16,2025-04-12,9347.56,4501.54,Overdue,2025-02-16 14:58:07+00
403,46,INV-0403,2025-01-05,2025-03-04,4773.05,0.0,Overdue,2025-01-05 09:22:53+00
404,305,INV-0404,2025-05-12,2025-07-06,5314.44,0.0,Open,2025-05-12 17:44:34+00
405,219,INV-0405,2024-12-22,2025-02-16,2014.91,125.92,Overdue,2024-12-22 14:02:42+00
406,31,INV-0406,2024-10-22,2024-11-21,6640.8,1995.22,Overdue,2024-10-22 16:09:38+00
407,62,INV-0407,2025-02-19,2025-04-17,6975.24,0.0,Overdue,2025-02-19 06:06:57+00
408,357,INV-0408,2024-10-30,2024-12-21,3422.02,2288.55,Overdue,2024-10-30 19:29:09+00
409,484,INV-0409,2025-03-25,2025-05-14,7729.55,0.0,Overdue,2025-03-25 18:58:10+00
410,455,INV-0410,2025-04-04,2025-05-13,4589.41,3714.3100000000004,Overdue,2025-04-04 21:33:56+00
411,464,INV-0411,2024-08-18,2024-10-14,5636.59,4833.14,Overdue,2024-08-18 02:39:33+00
412,345,INV-0412,2025-03-14,2025-04-23,8273.05,0.0,Overdue,2025-03-14 21:59:17+00
413,37,INV-0413,2025-01-26,2025-03-15,1109.96,0.0,Overdue,2025-01-26 18:25:12+00
414,54,INV-0414,2024-11-11,2024-12-18,3999.64,0.0,Overdue,2024-11-11 01:00:05+00
415,490,INV-0415,2025-03-21,2025-04-27,3531.88,0.0,Overdue,2025-03-21 18:57:05+00
416,33,INV-0416,2024-07-25,2024-08-28,6663.0,6357.5599999999995,Overdue,2024-07-25 02:10:50+00
417,307,INV-0417,2025-01-09,2025-02-16,5994.5,2312.13,Overdue,2025-01-09 22:52:18+00
418,147,INV-0418,2024-08-30,2024-10-14,7679.74,0.0,Overdue,2024-08-30 14:57:52+00
419,57,INV-0419,2024-08-16,2024-10-15,7007.92,6685.660000000001,Overdue,2024-08-16 08:01:09+00
420,372,INV-0420,2025-02-08,2025-04-02,8939.96,0.0,Overdue,2025-02-08 08:47:15+00
421,279,INV-0421,2024-05-24,2024-07-02,8177.19,0.0,Overdue,2024-05-24 19:24:21+00
422,76,INV-0422,2025-01-31,2025-03-11,7280.2,5013.67,Overdue,2025-01-31 03:30:28+00
423,68,INV-0423,2025-04-24,2025-06-10,6925.09,0.0,Open,2025-04-24 17:35:32+00
424,292,INV-0424,2024-12-01,2025-01-13,6350.61,0.0,Overdue,2024-12-01 06:05:54+00
425,90,INV-0425,2025-04-07,2025-06-03,2540.3,785.49,Partially Paid,2025-04-07 14:01:55+00
426,26,INV-0426,2025-04-13,2025-06-12,7537.1,0.0,Open,2025-04-13 06:17:40+00
427,64,INV-0427,2024-08-21,2024-10-01,423.08,0.0,Overdue,2024-08-21 19:24:01+00
428,320,INV-0428,2024-12-30,2025-02-23,2215.34,0.0,Overdue,2024-12-30 03:56:59+00
429,392,INV-0429,2024-11-18,2024-12-24,8432.32,4610.29,Overdue,2024-11-18 21:50:45+00
430,371,INV-0430,2024-08-23,2024-09-26,7423.78,2561.62,Overdue,2024-08-23 12:50:43+00
431,45,INV-0431,2024-06-03,2024-07-27,3663.97,0.0,Overdue,2024-06-03 01:47:13+00
432,380,INV-0432,2024-07-21,2024-08-23,5441.93,2501.25,Overdue,2024-07-21 00:21:39+00
433,403,INV-0433,2025-02-18,2025-03-24,5097.29,0.0,Overdue,2025-02-18 14:37:07+00
434,282,INV-0434,2025-03-16,2025-04-24,6393.6,3143.88,Overdue,2025-03-16 20:19:32+00
435,357,INV-0435,2024-06-24,2024-08-06,6970.1,0.0,Overdue,2024-06-24 19:02:23+00
436,97,INV-0436,2025-01-06,2025-02-10,2328.65,2342.31,Paid,2025-01-06 05:16:30+00
437,488,INV-0437,2025-03-03,2025-04-06,665.33,0.0,Overdue,2025-03-03 15:43:52+00
438,456,INV-0438,2024-12-27,2025-02-15,5759.48,0.0,Overdue,2024-12-27 08:33:40+00
439,165,INV-0439,2024-09-10,2024-11-02,8981.42,1503.19,Overdue,2024-09-10 09:33:54+00
440,389,INV-0440,2024-10-23,2024-12-15,7762.24,0.0,Overdue,2024-10-23 08:10:05+00
441,446,INV-0441,2024-12-26,2025-02-15,3925.68,2264.84,Overdue,2024-12-26 03:16:20+00
442,435,INV-0442,2024-11-30,2025-01-10,2978.35,444.05,Overdue,2024-11-30 17:51:45+00
443,234,INV-0443,2025-04-03,2025-05-09,535.83,0.0,Overdue,2025-04-03 21:37:54+00
444,60,INV-0444,2025-04-17,2025-06-16,5658.85,3957.31,Partially Paid,2025-04-17 11:02:10+00
445,83,INV-0445,2024-11-01,2024-12-09,9306.92,4884.07,Overdue,2024-11-01 16:36:23+00
446,399,INV-0446,2024-11-28,2025-01-01,3429.28,1945.74,Overdue,2024-11-28 14:09:18+00
447,136,INV-0447,2024-06-09,2024-08-06,6672.86,2148.95,Overdue,2024-06-09 12:45:47+00
448,168,INV-0448,2025-03-15,2025-05-02,8344.96,4778.59,Overdue,2025-03-15 16:30:14+00
449,274,INV-0449,2024-08-20,2024-09-28,4687.84,4069.9,Overdue,2024-08-20 07:03:18+00
450,81,INV-0450,2025-01-19,2025-02-25,5657.59,644.82,Overdue,2025-01-19 10:59:11+00
451,352,INV-0451,2025-05-12,2025-06-25,2945.01,1259.01,Partially Paid,2025-05-12 00:53:46+00
452,195,INV-0452,2025-03-03,2025-04-02,5137.12,4518.94,Overdue,2025-03-03 22:15:49+00
453,32,INV-0453,2024-10-07,2024-11-11,4951.57,3143.32,Overdue,2024-10-07 03:09:38+00
454,25,INV-0454,2024-10-31,2024-12-26,3397.57,2941.54,Overdue,2024-10-31 01:38:40+00
455,52,INV-0455,2024-11-11,2024-12-18,3642.46,1101.75,Overdue,2024-11-11 21:24:04+00
456,31,INV-0456,2025-04-24,2025-06-20,9202.88,0.0,Open,2025-04-24 02:24:24+00
457,230,INV-0457,2024-07-27,2024-09-21,3277.64,3068.51,Overdue,2024-07-27 14:51:02+00
458,118,INV-0458,2024-12-26,2025-02-23,1002.13,173.19,Overdue,2024-12-26 03:31:11+00
459,142,INV-0459,2025-02-26,2025-03-31,1919.63,0.0,Overdue,2025-02-26 20:02:11+00
460,325,INV-0460,2025-05-10,2025-07-03,4374.7,0.0,Open,2025-05-10 00:00:01+00
461,13,INV-0461,2024-12-02,2025-01-23,4683.45,4655.4,Overdue,2024-12-02 02:32:42+00
462,157,INV-0462,2024-09-18,2024-10-19,9118.07,0.0,Overdue,2024-09-18 05:14:46+00
463,437,INV-0463,2024-06-24,2024-08-09,1672.92,1670.79,Overdue,2024-06-24 00:28:42+00
464,235,INV-0464,2025-04-18,2025-06-04,5334.32,0.0,Open,2025-04-18 07:17:07+00
465,167,INV-0465,2025-04-03,2025-05-13,2824.87,658.35,Overdue,2025-04-03 10:53:12+00
466,431,INV-0466,2024-12-26,2025-02-19,3282.54,0.0,Overdue,2024-12-26 10:30:45+00
467,374,INV-0467,2024-05-28,2024-06-27,5589.72,3257.85,Overdue,2024-05-28 23:01:22+00
468,165,INV-0468,2025-02-04,2025-04-05,6444.89,0.0,Overdue,2025-02-04 01:03:15+00
469,228,INV-0469,2024-11-21,2025-01-15,6244.05,3090.17,Overdue,2024-11-21 17:38:41+00
470,8,INV-0470,2024-10-16,2024-11-22,8426.87,737.44,Overdue,2024-10-16 08:27:41+00
471,266,INV-0471,2024-08-27,2024-10-24,8632.47,0.0,Overdue,2024-08-27 08:37:24+00
472,121,INV-0472,2025-02-20,2025-04-05,6126.94,0.0,Overdue,2025-02-20 16:36:41+00
473,348,INV-0473,2024-08-09,2024-10-08,1099.19,0.0,Overdue,2024-08-09 04:15:48+00
474,433,INV-0474,2024-06-08,2024-08-03,8008.2,2033.58,Overdue,2024-06-08 11:59:58+00
475,440,INV-0475,2025-02-19,2025-03-26,2038.88,0.0,Overdue,2025-02-19 14:40:54+00
476,171,INV-0476,2024-10-05,2024-11-27,8170.41,2578.72,Overdue,2024-10-05 05:18:02+00
477,487,INV-0477,2025-04-23,2025-06-18,2119.67,884.4,Partially Paid,2025-04-23 03:16:04+00
478,261,INV-0478,2024-06-11,2024-07-30,6353.03,4036.72,Overdue,2024-06-11 07:48:54+00
479,336,INV-0479,2024-12-01,2025-01-26,6066.64,0.0,Overdue,2024-12-01 14:20:19+00
480,87,INV-0480,2024-08-26,2024-10-03,5009.81,103.47,Overdue,2024-08-26 19:16:53+00
481,30,INV-0481,2025-03-25,2025-05-02,7448.24,0.0,Overdue,2025-03-25 09:15:42+00
482,17,INV-0482,2024-09-03,2024-11-02,4384.73,991.03,Overdue,2024-09-03 21:46:26+00
483,322,INV-0483,2024-07-25,2024-09-15,8979.84,3981.55,Overdue,2024-07-25 03:56:07+00
484,296,INV-0484,2025-01-11,2025-02-15,9498.24,188.99,Overdue,2025-01-11 13:53:17+00
485,343,INV-0485,2025-03-06,2025-05-04,3468.91,167.39,Overdue,2025-03-06 07:56:34+00
486,494,INV-0486,2025-02-13,2025-03-16,4059.86,2431.63,Overdue,2025-02-13 18:42:29+00
487,354,INV-0487,2024-10-21,2024-12-05,2682.73,687.81,Overdue,2024-10-21 17:31:51+00
488,109,INV-0488,2024-12-24,2025-01-27,5634.08,0.0,Overdue,2024-12-24 21:54:00+00
489,411,INV-0489,2025-01-07,2025-02-21,6341.15,530.99,Overdue,2025-01-07 05:26:00+00
490,385,INV-0490,2025-04-20,2025-06-19,7476.09,0.0,Open,2025-04-20 22:23:55+00
491,342,INV-0491,2025-03-30,2025-05-14,3461.72,3300.42,Overdue,2025-03-30 15:07:04+00
492,246,INV-0492,2024-06-07,2024-07-07,8074.63,0.0,Overdue,2024-06-07 00:53:52+00
493,346,INV-0493,2025-04-18,2025-06-01,8473.5,3688.97,Partially Paid,2025-04-18 12:20:12+00
494,231,INV-0494,2024-06-13,2024-08-08,2249.55,0.0,Overdue,2024-06-13 05:22:03+00
495,152,INV-0495,2024-09-03,2024-10-19,1300.05,0.0,Overdue,2024-09-03 08:21:36+00
496,371,INV-0496,2025-01-01,2025-02-10,3639.22,0.0,Overdue,2025-01-01 14:46:29+00
497,42,INV-0497,2025-02-09,2025-04-04,3733.06,704.0,Overdue,2025-02-09 21:27:31+00
498,314,INV-0498,2025-05-05,2025-07-02,9077.34,1298.66,Partially Paid,2025-05-05 11:42:00+00
499,76,INV-0499,2024-07-23,2024-09-02,651.02,365.25,Overdue,2024-07-23 15:45:38+00
500,173,INV-0500,2024-06-22,2024-07-25,5479.16,0.0,Overdue,2024-06-22 00:57:42+00
501,319,INV-0501,2025-03-30,2025-05-23,7536.73,4275.29,Overdue,2025-03-30 00:51:27+00
502,172,INV-0502,2025-03-27,2025-04-29,4898.94,3538.5699999999997,Overdue,2025-03-27 13:43:39+00
503,470,INV-0503,2025-01-28,2025-03-08,7906.72,2637.97,Overdue,2025-01-28 06:08:24+00
504,497,INV-0504,2024-10-17,2024-12-01,9642.83,3858.77,Overdue,2024-10-17 16:50:54+00
505,146,INV-0505,2025-03-05,2025-04-10,4266.48,3817.79,Overdue,2025-03-05 08:52:38+00
506,398,INV-0506,2025-02-04,2025-04-04,2024.04,0.0,Overdue,2025-02-04 09:50:48+00
507,132,INV-0507,2024-10-27,2024-12-09,1037.71,97.89,Overdue,2024-10-27 23:54:06+00
508,258,INV-0508,2025-02-21,2025-03-29,7432.83,5173.18,Overdue,2025-02-21 18:10:21+00
509,350,INV-0509,2024-10-04,2024-11-13,2195.54,1275.82,Overdue,2024-10-04 01:24:50+00
510,352,INV-0510,2024-07-19,2024-09-14,3699.03,0.0,Overdue,2024-07-19 23:28:40+00
511,78,INV-0511,2024-12-09,2025-02-01,7314.66,0.0,Overdue,2024-12-09 01:20:49+00
512,423,INV-0512,2024-10-13,2024-11-12,5601.72,0.0,Overdue,2024-10-13 10:20:00+00
513,252,INV-0513,2024-09-24,2024-11-16,7554.42,1138.79,Overdue,2024-09-24 18:53:15+00
514,433,INV-0514,2024-08-26,2024-10-05,4133.22,0.0,Overdue,2024-08-26 22:44:39+00
515,345,INV-0515,2024-11-22,2024-12-30,3072.77,0.0,Overdue,2024-11-22 04:07:11+00
516,361,INV-0516,2025-03-11,2025-04-29,7033.61,0.0,Overdue,2025-03-11 11:51:32+00
517,314,INV-0517,2025-01-13,2025-02-27,3620.73,3456.97,Overdue,2025-01-13 10:39:51+00
518,148,INV-0518,2024-11-28,2025-01-19,3532.44,0.0,Overdue,2024-11-28 02:57:39+00
519,49,INV-0519,2024-11-08,2024-12-15,7664.56,0.0,Overdue,2024-11-08 06:48:37+00
520,486,INV-0520,2024-12-29,2025-02-13,6548.26,0.0,Overdue,2024-12-29 13:38:08+00
521,171,INV-0521,2024-07-22,2024-08-31,4411.71,4429.9,Paid,2024-07-22 04:27:30+00
522,459,INV-0522,2025-02-01,2025-03-09,4500.3,2607.25,Overdue,2025-02-01 14:56:38+00
523,55,INV-0523,2025-02-26,2025-04-27,3916.77,0.0,Overdue,2025-02-26 21:55:35+00
524,82,INV-0524,2024-06-11,2024-07-21,5958.12,0.0,Overdue,2024-06-11 10:44:57+00
525,372,INV-0525,2025-02-14,2025-03-27,7084.54,0.0,Overdue,2025-02-14 08:35:03+00
526,317,INV-0526,2024-11-23,2025-01-03,9650.75,822.95,Overdue,2024-11-23 10:05:39+00
527,456,INV-0527,2024-11-13,2025-01-08,729.94,693.62,Overdue,2024-11-13 20:54:10+00
528,254,INV-0528,2025-01-24,2025-03-16,4534.37,0.0,Overdue,2025-01-24 08:13:13+00
529,190,INV-0529,2024-12-13,2025-01-23,7361.39,0.0,Overdue,2024-12-13 21:20:23+00
530,341,INV-0530,2024-11-14,2024-12-28,9442.17,0.0,Overdue,2024-11-14 14:02:45+00
531,438,INV-0531,2025-01-28,2025-03-23,9855.72,3576.86,Overdue,2025-01-28 01:41:21+00
532,312,INV-0532,2024-09-07,2024-10-10,4216.43,3438.2,Overdue,2024-09-07 03:26:35+00
533,328,INV-0533,2025-04-06,2025-05-10,7119.58,0.0,Overdue,2025-04-06 21:29:16+00
534,387,INV-0534,2024-11-13,2025-01-01,1785.57,1682.5199999999998,Overdue,2024-11-13 21:53:29+00
535,108,INV-0535,2025-02-04,2025-03-15,3249.97,0.0,Overdue,2025-02-04 11:09:21+00
536,210,INV-0536,2025-04-19,2025-05-27,263.01,0.0,Open,2025-04-19 13:09:30+00
537,146,INV-0537,2024-11-04,2024-12-09,5658.36,4070.86,Overdue,2024-11-04 00:18:54+00
538,228,INV-0538,2024-12-23,2025-02-01,875.1,0.0,Overdue,2024-12-23 04:07:57+00
539,357,INV-0539,2024-07-24,2024-08-26,1172.54,0.0,Overdue,2024-07-24 11:08:08+00
540,209,INV-0540,2025-02-19,2025-04-05,6115.78,5945.17,Overdue,2025-02-19 11:09:37+00
541,162,INV-0541,2025-02-15,2025-03-24,7162.25,0.0,Overdue,2025-02-15 00:50:18+00
542,194,INV-0542,2024-11-19,2024-12-30,962.02,349.52,Overdue,2024-11-19 09:12:07+00
543,436,INV-0543,2025-03-28,2025-05-02,5982.16,0.0,Overdue,2025-03-28 09:17:51+00
544,204,INV-0544,2024-11-24,2024-12-27,7675.89,4041.07,Overdue,2024-11-24 11:16:23+00
545,19,INV-0545,2025-01-12,2025-02-25,3213.38,0.0,Overdue,2025-01-12 13:48:37+00
546,331,INV-0546,2025-04-13,2025-05-18,3046.62,1706.94,Overdue,2025-04-13 21:45:09+00
547,246,INV-0547,2025-02-09,2025-04-01,5165.62,2274.04,Overdue,2025-02-09 16:44:16+00
548,297,INV-0548,2024-06-03,2024-07-31,1340.2,1000.66,Overdue,2024-06-03 19:38:15+00
549,195,INV-0549,2024-08-27,2024-09-29,8341.81,0.0,Overdue,2024-08-27 21:01:46+00
550,153,INV-0550,2024-10-03,2024-11-22,4914.12,3533.0,Overdue,2024-10-03 15:05:48+00
551,252,INV-0551,2025-01-08,2025-02-07,8748.38,0.0,Overdue,2025-01-08 00:41:08+00
552,241,INV-0552,2025-01-29,2025-03-18,5663.67,0.0,Overdue,2025-01-29 23:17:42+00
553,35,INV-0553,2024-08-31,2024-09-30,4901.07,884.16,Overdue,2024-08-31 15:13:54+00
554,398,INV-0554,2025-01-12,2025-02-18,2594.25,1133.18,Overdue,2025-01-12 04:35:18+00
555,82,INV-0555,2024-09-22,2024-10-27,3789.44,2969.19,Overdue,2024-09-22 01:17:10+00
556,34,INV-0556,2024-12-27,2025-02-24,2377.2,1197.89,Overdue,2024-12-27 18:44:16+00
557,26,INV-0557,2025-04-03,2025-05-14,5541.99,0.0,Overdue,2025-04-03 04:05:00+00
558,258,INV-0558,2025-05-10,2025-06-14,1029.81,286.77,Partially Paid,2025-05-10 20:30:14+00
559,173,INV-0559,2025-01-28,2025-03-15,1021.92,853.0600000000001,Overdue,2025-01-28 21:03:57+00
560,150,INV-0560,2024-08-04,2024-09-21,7655.84,442.99,Overdue,2024-08-04 13:25:52+00
561,184,INV-0561,2024-12-08,2025-01-27,1294.98,0.0,Overdue,2024-12-08 21:53:29+00
562,348,INV-0562,2024-10-30,2024-11-29,9489.72,0.0,Overdue,2024-10-30 09:59:18+00
563,487,INV-0563,2025-01-09,2025-02-19,3219.74,462.01,Overdue,2025-01-09 07:14:08+00
564,174,INV-0564,2024-08-11,2024-10-02,579.09,0.0,Overdue,2024-08-11 19:36:50+00
565,233,INV-0565,2024-10-12,2024-12-01,1031.25,0.0,Overdue,2024-10-12 07:36:59+00
566,461,INV-0566,2025-05-08,2025-06-22,928.07,0.0,Open,2025-05-08 16:00:58+00
567,475,INV-0567,2025-04-23,2025-05-29,1973.06,0.0,Open,2025-04-23 11:02:56+00
568,291,INV-0568,2024-12-13,2025-01-29,8964.38,3481.8,Overdue,2024-12-13 04:19:29+00
569,483,INV-0569,2024-11-10,2025-01-09,8179.92,0.0,Overdue,2024-11-10 06:10:11+00
570,293,INV-0570,2024-09-03,2024-10-03,4370.73,0.0,Overdue,2024-09-03 08:24:25+00
571,121,INV-0571,2024-06-28,2024-08-27,9049.97,0.0,Overdue,2024-06-28 02:39:35+00
572,14,INV-0572,2024-08-05,2024-09-27,3655.03,3173.69,Overdue,2024-08-05 20:46:18+00
573,130,INV-0573,2024-08-15,2024-09-22,2974.38,901.42,Overdue,2024-08-15 13:18:37+00
574,29,INV-0574,2024-06-30,2024-08-11,7378.09,0.0,Overdue,2024-06-30 06:50:02+00
575,250,INV-0575,2024-10-29,2024-12-04,3992.6,339.85,Overdue,2024-10-29 03:42:29+00
576,481,INV-0576,2025-04-02,2025-05-15,7349.94,7038.639999999999,Overdue,2025-04-02 09:41:06+00
577,300,INV-0577,2024-12-26,2025-02-23,4386.26,85.02,Overdue,2024-12-26 06:03:19+00
578,252,INV-0578,2024-12-05,2025-01-12,113.94,129.55,Paid,2024-12-05 16:45:05+00
579,347,INV-0579,2025-04-14,2025-05-25,2609.04,2439.6099999999997,Partially Paid,2025-04-14 00:35:54+00
580,309,INV-0580,2025-05-06,2025-06-22,8965.94,0.0,Open,2025-05-06 11:15:47+00
581,288,INV-0581,2024-11-19,2025-01-17,5945.51,5260.25,Overdue,2024-11-19 01:31:21+00
582,204,INV-0582,2025-01-08,2025-02-15,703.11,291.1,Overdue,2025-01-08 20:45:49+00
583,226,INV-0583,2025-02-03,2025-03-27,1347.18,0.0,Overdue,2025-02-03 15:49:09+00
584,208,INV-0584,2024-08-10,2024-09-11,8564.55,0.0,Overdue,2024-08-10 05:18:17+00
585,105,INV-0585,2024-07-07,2024-08-11,4910.28,0.0,Overdue,2024-07-07 19:33:51+00
586,349,INV-0586,2024-09-01,2024-10-16,4436.13,0.0,Overdue,2024-09-01 23:46:49+00
587,472,INV-0587,2025-02-01,2025-03-13,4806.83,4642.75,Overdue,2025-02-01 13:37:26+00
588,82,INV-0588,2024-07-17,2024-09-15,5464.7,0.0,Overdue,2024-07-17 11:51:37+00
589,69,INV-0589,2024-06-02,2024-07-04,4602.98,0.0,Overdue,2024-06-02 00:13:27+00
590,9,INV-0590,2025-02-26,2025-04-17,9389.64,0.0,Overdue,2025-02-26 19:23:49+00
591,209,INV-0591,2024-12-31,2025-02-12,4867.97,3291.75,Overdue,2024-12-31 04:27:04+00
592,255,INV-0592,2024-11-22,2025-01-05,7878.24,0.0,Overdue,2024-11-22 12:47:50+00
593,459,INV-0593,2024-10-06,2024-11-18,1783.02,1374.5,Overdue,2024-10-06 09:57:47+00
594,28,INV-0594,2025-05-10,2025-06-29,7288.5,3732.55,Partially Paid,2025-05-10 11:24:32+00
595,351,INV-0595,2025-02-22,2025-04-10,5072.33,0.0,Overdue,2025-02-22 10:30:33+00
596,373,INV-0596,2024-09-02,2024-10-18,3098.42,0.0,Overdue,2024-09-02 22:49:36+00
597,183,INV-0597,2025-01-20,2025-02-22,3596.72,0.0,Overdue,2025-01-20 17:29:31+00
598,141,INV-0598,2024-09-06,2024-10-11,5147.9,4503.31,Overdue,2024-09-06 01:58:08+00
599,436,INV-0599,2025-04-01,2025-05-23,4042.74,0.0,Overdue,2025-04-01 15:13:48+00
600,168,INV-0600,2024-12-29,2025-02-22,5413.96,0.0,Overdue,2024-12-29 13:25:50+00
601,157,INV-0601,2025-03-26,2025-05-06,5310.96,0.0,Overdue,2025-03-26 16:47:08+00
602,321,INV-0602,2024-07-24,2024-09-13,3664.71,0.0,Overdue,2024-07-24 11:31:35+00
603,287,INV-0603,2025-05-03,2025-06-30,7839.15,4784.54,Partially Paid,2025-05-03 08:36:41+00
604,359,INV-0604,2025-02-15,2025-03-19,6657.66,0.0,Overdue,2025-02-15 23:45:34+00
605,124,INV-0605,2024-09-22,2024-10-30,4280.12,1151.35,Overdue,2024-09-22 00:48:27+00
606,87,INV-0606,2025-01-03,2025-02-16,1218.71,0.0,Overdue,2025-01-03 06:43:38+00
607,486,INV-0607,2025-03-28,2025-05-15,559.77,564.4,Paid,2025-03-28 23:36:02+00
608,151,INV-0608,2024-12-11,2025-01-15,3377.52,0.0,Overdue,2024-12-11 08:53:27+00
609,205,INV-0609,2025-04-18,2025-06-02,4142.08,3314.64,Partially Paid,2025-04-18 01:02:11+00
610,50,INV-0610,2024-06-14,2024-07-22,6173.35,0.0,Overdue,2024-06-14 13:10:45+00
611,381,INV-0611,2024-12-23,2025-01-27,3912.84,2404.26,Overdue,2024-12-23 12:00:35+00
612,483,INV-0612,2024-07-17,2024-08-21,2750.97,2711.08,Overdue,2024-07-17 12:41:49+00
613,335,INV-0613,2024-09-18,2024-11-06,1922.29,251.3,Overdue,2024-09-18 21:30:43+00
614,337,INV-0614,2025-05-13,2025-07-05,6582.27,307.15,Partially Paid,2025-05-13 10:17:48+00
615,248,INV-0615,2025-03-06,2025-04-13,557.5,0.0,Overdue,2025-03-06 17:35:35+00
616,109,INV-0616,2024-12-21,2025-02-12,8939.57,0.0,Overdue,2024-12-21 11:05:07+00
617,477,INV-0617,2024-12-31,2025-02-12,8455.49,0.0,Overdue,2024-12-31 01:26:42+00
618,402,INV-0618,2024-10-30,2024-12-18,2719.77,0.0,Overdue,2024-10-30 23:06:31+00
619,34,INV-0619,2024-08-09,2024-09-15,3944.37,3933.4600000000005,Overdue,2024-08-09 15:01:49+00
620,148,INV-0620,2025-02-13,2025-04-10,286.42,190.41,Overdue,2025-02-13 10:17:32+00
621,74,INV-0621,2025-04-06,2025-05-13,9656.18,0.0,Overdue,2025-04-06 20:49:00+00
622,145,INV-0622,2024-09-19,2024-10-27,5338.08,4311.8099999999995,Overdue,2024-09-19 13:46:27+00
623,448,INV-0623,2024-07-07,2024-08-15,985.95,0.0,Overdue,2024-07-07 11:18:45+00
624,270,INV-0624,2025-02-03,2025-03-22,8768.42,0.0,Overdue,2025-02-03 09:38:55+00
625,316,INV-0625,2024-06-15,2024-07-27,5970.36,500.81,Overdue,2024-06-15 11:39:04+00
626,103,INV-0626,2024-10-05,2024-11-12,6035.45,0.0,Overdue,2024-10-05 06:35:49+00
627,456,INV-0627,2025-04-30,2025-06-24,3015.91,2400.75,Partially Paid,2025-04-30 13:00:32+00
628,265,INV-0628,2024-10-30,2024-12-06,4450.53,1083.21,Overdue,2024-10-30 18:04:47+00
629,405,INV-0629,2025-02-07,2025-03-23,7228.17,427.45,Overdue,2025-02-07 00:51:54+00
630,387,INV-0630,2025-04-09,2025-05-31,2385.46,0.0,Open,2025-04-09 19:14:34+00
631,23,INV-0631,2024-11-15,2025-01-02,3211.76,0.0,Overdue,2024-11-15 23:22:32+00
632,30,INV-0632,2024-07-06,2024-08-18,4520.6,0.0,Overdue,2024-07-06 00:55:06+00
633,441,INV-0633,2024-06-27,2024-08-26,4766.79,4719.530000000001,Overdue,2024-06-27 13:43:25+00
634,417,INV-0634,2024-06-19,2024-08-17,2781.15,486.53,Overdue,2024-06-19 02:42:00+00
635,285,INV-0635,2025-05-04,2025-06-15,4793.16,1627.18,Partially Paid,2025-05-04 13:12:05+00
636,110,INV-0636,2024-10-29,2024-12-19,2721.21,0.0,Overdue,2024-10-29 23:56:27+00
637,304,INV-0637,2024-08-03,2024-09-11,2714.7,0.0,Overdue,2024-08-03 21:28:58+00
638,290,INV-0638,2024-12-23,2025-02-01,5083.99,0.0,Overdue,2024-12-23 20:39:47+00
639,404,INV-0639,2024-06-20,2024-07-25,8849.59,5276.92,Overdue,2024-06-20 06:27:58+00
640,336,INV-0640,2024-12-18,2025-02-13,2425.8,0.0,Overdue,2024-12-18 19:51:47+00
641,342,INV-0641,2024-08-22,2024-10-09,8926.93,0.0,Overdue,2024-08-22 05:54:04+00
642,151,INV-0642,2025-03-19,2025-04-25,2322.58,1988.6100000000001,Overdue,2025-03-19 08:34:11+00
643,488,INV-0643,2024-09-07,2024-10-29,307.23,204.3,Overdue,2024-09-07 07:01:15+00
644,488,INV-0644,2024-11-29,2025-01-18,6152.45,0.0,Overdue,2024-11-29 14:26:00+00
645,281,INV-0645,2025-01-25,2025-03-21,2694.17,837.71,Overdue,2025-01-25 00:05:28+00
646,77,INV-0646,2024-12-29,2025-02-10,8857.66,4766.04,Overdue,2024-12-29 04:06:06+00
647,163,INV-0647,2025-05-02,2025-06-20,1670.69,1549.12,Partially Paid,2025-05-02 18:12:34+00
648,387,INV-0648,2024-06-22,2024-08-19,216.17,82.85,Overdue,2024-06-22 17:51:46+00
649,408,INV-0649,2025-05-11,2025-07-03,2049.74,0.0,Open,2025-05-11 23:19:54+00
650,309,INV-0650,2024-10-08,2024-12-04,5221.54,0.0,Overdue,2024-10-08 16:02:10+00
651,459,INV-0651,2025-04-14,2025-05-22,5020.56,0.0,Overdue,2025-04-14 22:15:32+00
652,358,INV-0652,2025-04-27,2025-06-15,3076.54,0.0,Open,2025-04-27 23:14:37+00
653,263,INV-0653,2024-10-28,2024-12-16,5757.22,188.71,Overdue,2024-10-28 21:45:52+00
654,290,INV-0654,2024-10-07,2024-11-22,1597.19,0.0,Overdue,2024-10-07 18:38:27+00
655,28,INV-0655,2024-11-17,2024-12-20,3571.57,0.0,Overdue,2024-11-17 21:29:50+00
656,22,INV-0656,2024-08-09,2024-09-12,3484.63,0.0,Overdue,2024-08-09 18:07:48+00
657,209,INV-0657,2024-07-06,2024-08-29,4224.14,0.0,Overdue,2024-07-06 09:27:16+00
658,354,INV-0658,2024-08-31,2024-10-19,8528.37,0.0,Overdue,2024-08-31 19:57:19+00
659,221,INV-0659,2024-08-18,2024-09-29,624.02,0.0,Overdue,2024-08-18 20:00:55+00
660,401,INV-0660,2024-11-03,2024-12-15,5924.71,0.0,Overdue,2024-11-03 10:38:07+00
661,178,INV-0661,2024-09-15,2024-10-23,7826.64,2588.33,Overdue,2024-09-15 17:41:11+00
662,413,INV-0662,2024-06-24,2024-07-24,2396.73,0.0,Overdue,2024-06-24 22:16:45+00
663,139,INV-0663,2025-01-19,2025-02-21,3280.37,0.0,Overdue,2025-01-19 23:28:30+00
664,119,INV-0664,2024-09-19,2024-11-10,7580.26,0.0,Overdue,2024-09-19 03:17:43+00
665,272,INV-0665,2025-05-13,2025-06-25,3805.8,0.0,Open,2025-05-13 10:29:36+00
666,31,INV-0666,2024-06-15,2024-08-09,2185.46,1746.37,Overdue,2024-06-15 07:53:08+00
667,306,INV-0667,2024-08-21,2024-09-26,7212.15,3396.68,Overdue,2024-08-21 21:04:27+00
668,437,INV-0668,2024-08-29,2024-10-22,7597.7,4052.51,Overdue,2024-08-29 10:43:13+00
669,321,INV-0669,2024-09-27,2024-10-27,7888.34,3120.12,Overdue,2024-09-27 06:08:03+00
670,381,INV-0670,2024-10-12,2024-11-19,1691.19,1373.0,Overdue,2024-10-12 02:00:31+00
671,87,INV-0671,2025-03-15,2025-04-19,1494.15,1287.9,Overdue,2025-03-15 04:00:12+00
672,466,INV-0672,2024-12-30,2025-02-18,808.9,735.69,Overdue,2024-12-30 18:49:48+00
673,348,INV-0673,2024-06-27,2024-08-14,8705.16,458.47,Overdue,2024-06-27 11:22:49+00
674,401,INV-0674,2025-01-05,2025-02-28,5574.65,1210.28,Overdue,2025-01-05 21:35:18+00
675,159,INV-0675,2024-06-30,2024-08-06,9680.03,0.0,Overdue,2024-06-30 09:50:15+00
676,379,INV-0676,2024-10-11,2024-11-14,4080.76,3468.0,Overdue,2024-10-11 05:41:10+00
677,211,INV-0677,2024-07-16,2024-08-25,646.76,226.86,Overdue,2024-07-16 14:04:44+00
678,365,INV-0678,2025-01-25,2025-02-24,6013.72,4927.400000000001,Overdue,2025-01-25 18:03:30+00
679,415,INV-0679,2025-04-25,2025-06-16,3587.66,0.0,Open,2025-04-25 19:41:46+00
680,257,INV-0680,2025-01-28,2025-03-22,9618.03,0.0,Overdue,2025-01-28 19:08:46+00
681,43,INV-0681,2024-06-30,2024-08-15,584.55,373.18,Overdue,2024-06-30 20:13:55+00
682,53,INV-0682,2025-01-24,2025-03-24,7709.51,3875.8,Overdue,2025-01-24 05:34:35+00
683,313,INV-0683,2024-07-05,2024-08-19,561.8,104.04,Overdue,2024-07-05 17:46:07+00
684,96,INV-0684,2024-10-14,2024-12-12,7559.22,3886.94,Overdue,2024-10-14 07:22:25+00
685,197,INV-0685,2025-04-01,2025-05-26,6310.88,2318.32,Partially Paid,2025-04-01 19:56:47+00
686,9,INV-0686,2024-08-14,2024-09-15,1737.77,521.51,Overdue,2024-08-14 15:44:54+00
687,273,INV-0687,2024-06-26,2024-08-14,268.73,0.0,Overdue,2024-06-26 17:39:38+00
688,384,INV-0688,2024-07-05,2024-08-06,1475.46,133.15,Overdue,2024-07-05 14:52:07+00
689,284,INV-0689,2024-12-22,2025-02-01,5723.06,0.0,Overdue,2024-12-22 05:20:48+00
690,354,INV-0690,2025-03-03,2025-04-30,6952.61,5460.83,Overdue,2025-03-03 20:54:27+00
691,116,INV-0691,2024-09-14,2024-10-16,8177.64,6836.08,Overdue,2024-09-14 16:53:32+00
692,213,INV-0692,2024-08-16,2024-09-26,6915.7,0.0,Overdue,2024-08-16 08:41:22+00
693,1,INV-0693,2024-09-22,2024-11-03,7589.77,0.0,Overdue,2024-09-22 18:57:21+00
694,114,INV-0694,2024-09-18,2024-11-07,4383.1,1625.6399999999999,Overdue,2024-09-18 22:02:58+00
695,461,INV-0695,2024-11-26,2025-01-14,8171.99,1540.76,Overdue,2024-11-26 17:34:59+00
696,79,INV-0696,2025-01-15,2025-03-15,4704.01,2066.78,Overdue,2025-01-15 22:44:43+00
697,226,INV-0697,2025-02-23,2025-04-01,9578.78,2665.84,Overdue,2025-02-23 12:19:06+00
698,94,INV-0698,2024-09-08,2024-10-12,5468.46,3618.04,Overdue,2024-09-08 08:07:26+00
699,270,INV-0699,2024-10-21,2024-11-22,5348.11,1815.03,Overdue,2024-10-21 05:51:35+00
700,234,INV-0700,2025-02-01,2025-03-24,4452.43,0.0,Overdue,2025-02-01 15:15:49+00
701,273,INV-0701,2024-10-27,2024-12-15,8150.58,4233.63,Overdue,2024-10-27 13:55:37+00
702,339,INV-0702,2024-08-16,2024-09-15,4417.73,0.0,Overdue,2024-08-16 21:29:50+00
703,278,INV-0703,2025-01-18,2025-03-19,6017.34,0.0,Overdue,2025-01-18 21:57:36+00
704,122,INV-0704,2024-09-29,2024-11-16,2417.94,0.0,Overdue,2024-09-29 19:38:57+00
705,261,INV-0705,2024-07-03,2024-08-15,4456.95,443.17,Overdue,2024-07-03 16:12:19+00
706,435,INV-0706,2025-01-22,2025-03-11,5934.62,0.0,Overdue,2025-01-22 12:50:37+00
707,74,INV-0707,2025-01-24,2025-03-17,7019.01,0.0,Overdue,2025-01-24 20:18:58+00
708,316,INV-0708,2024-05-26,2024-07-07,2388.5,0.0,Overdue,2024-05-26 17:59:47+00
709,393,INV-0709,2024-12-29,2025-02-15,8060.22,0.0,Overdue,2024-12-29 22:21:42+00
710,409,INV-0710,2025-03-17,2025-05-05,7791.82,0.0,Overdue,2025-03-17 10:57:47+00
711,173,INV-0711,2025-04-21,2025-05-31,829.41,0.0,Open,2025-04-21 09:21:45+00
712,112,INV-0712,2024-07-11,2024-08-21,2668.47,0.0,Overdue,2024-07-11 18:11:18+00
713,409,INV-0713,2024-07-30,2024-09-02,508.25,459.04,Overdue,2024-07-30 06:28:58+00
714,472,INV-0714,2024-07-14,2024-08-17,9207.74,4161.51,Overdue,2024-07-14 10:42:42+00
715,230,INV-0715,2025-02-11,2025-03-28,3452.71,0.0,Overdue,2025-02-11 02:32:48+00
716,222,INV-0716,2024-12-13,2025-01-26,8578.92,0.0,Overdue,2024-12-13 00:05:12+00
717,208,INV-0717,2025-04-12,2025-05-18,7297.0,3526.61,Overdue,2025-04-12 05:42:25+00
718,242,INV-0718,2025-03-15,2025-05-09,4947.0,0.0,Overdue,2025-03-15 05:49:33+00
719,352,INV-0719,2024-06-04,2024-07-28,588.07,0.0,Overdue,2024-06-04 14:17:17+00
720,395,INV-0720,2025-05-06,2025-06-27,3509.26,3208.24,Partially Paid,2025-05-06 03:12:47+00
721,194,INV-0721,2024-06-26,2024-08-04,6100.77,4695.65,Overdue,2024-06-26 19:36:07+00
722,218,INV-0722,2024-10-13,2024-12-09,3216.13,0.0,Overdue,2024-10-13 08:43:18+00
723,351,INV-0723,2024-11-16,2024-12-30,3363.66,650.38,Overdue,2024-11-16 06:37:38+00
724,57,INV-0724,2024-10-02,2024-11-01,9701.49,282.38,Overdue,2024-10-02 13:28:38+00
725,68,INV-0725,2025-03-02,2025-04-04,1021.02,0.0,Overdue,2025-03-02 04:10:58+00
726,280,INV-0726,2024-06-05,2024-07-13,6234.79,2882.53,Overdue,2024-06-05 05:32:19+00
727,329,INV-0727,2024-09-13,2024-11-06,9591.52,4255.34,Overdue,2024-09-13 21:19:18+00
728,452,INV-0728,2025-01-04,2025-02-13,395.58,0.0,Overdue,2025-01-04 21:00:41+00
729,249,INV-0729,2024-09-01,2024-10-11,7941.99,0.0,Overdue,2024-09-01 06:58:17+00
730,61,INV-0730,2024-05-31,2024-07-26,7504.79,0.0,Overdue,2024-05-31 08:17:00+00
731,13,INV-0731,2025-01-25,2025-03-06,7936.66,0.0,Overdue,2025-01-25 18:37:19+00
732,113,INV-0732,2024-08-03,2024-09-14,3405.82,0.0,Overdue,2024-08-03 06:47:19+00
733,480,INV-0733,2024-11-12,2024-12-15,403.19,269.97,Overdue,2024-11-12 02:33:04+00
734,166,INV-0734,2024-10-08,2024-12-04,2381.11,0.0,Overdue,2024-10-08 19:44:08+00
735,278,INV-0735,2024-08-25,2024-10-18,4869.61,0.0,Overdue,2024-08-25 11:57:48+00
736,368,INV-0736,2024-12-18,2025-02-01,4783.54,1063.86,Overdue,2024-12-18 17:11:23+00
737,204,INV-0737,2024-10-16,2024-11-29,5218.05,2880.26,Overdue,2024-10-16 00:57:34+00
738,446,INV-0738,2024-12-01,2025-01-19,1080.49,0.0,Overdue,2024-12-01 03:46:42+00
739,215,INV-0739,2024-07-13,2024-09-11,1442.64,0.0,Overdue,2024-07-13 08:15:47+00
740,404,INV-0740,2024-07-20,2024-09-12,6529.78,0.0,Overdue,2024-07-20 18:08:29+00
741,387,INV-0741,2024-08-19,2024-10-15,303.67,75.98,Overdue,2024-08-19 01:15:59+00
742,186,INV-0742,2025-03-31,2025-05-10,1591.8,0.0,Overdue,2025-03-31 15:24:03+00
743,257,INV-0743,2025-03-07,2025-04-09,4396.38,2272.25,Overdue,2025-03-07 14:40:36+00
744,367,INV-0744,2025-05-02,2025-06-02,3927.87,0.0,Open,2025-05-02 17:24:17+00
745,214,INV-0745,2024-11-29,2025-01-14,7460.3,0.0,Overdue,2024-11-29 09:27:16+00
746,300,INV-0746,2025-04-14,2025-05-31,961.18,392.45,Partially Paid,2025-04-14 02:05:20+00
747,154,INV-0747,2024-08-31,2024-10-15,469.55,399.33,Overdue,2024-08-31 11:30:16+00
748,372,INV-0748,2025-03-03,2025-04-05,5418.8,878.71,Overdue,2025-03-03 04:18:21+00
749,459,INV-0749,2024-10-08,2024-11-16,2772.0,0.0,Overdue,2024-10-08 18:32:04+00
750,32,INV-0750,2024-06-29,2024-08-09,9720.77,0.0,Overdue,2024-06-29 16:01:07+00
751,88,INV-0751,2025-03-29,2025-05-11,666.85,0.0,Overdue,2025-03-29 04:18:11+00
752,259,INV-0752,2024-11-20,2024-12-20,7176.13,4248.969999999999,Overdue,2024-11-20 05:25:35+00
753,226,INV-0753,2024-09-16,2024-10-21,3304.11,377.61,Overdue,2024-09-16 18:39:21+00
754,491,INV-0754,2025-01-14,2025-03-11,5031.5,2733.5,Overdue,2025-01-14 22:47:53+00
755,62,INV-0755,2025-02-25,2025-03-27,5517.04,2358.55,Overdue,2025-02-25 16:02:19+00
756,314,INV-0756,2025-01-06,2025-02-14,9386.35,0.0,Overdue,2025-01-06 09:02:20+00
757,144,INV-0757,2025-03-02,2025-04-30,7008.54,573.67,Overdue,2025-03-02 17:38:40+00
758,174,INV-0758,2024-07-12,2024-08-16,499.11,0.0,Overdue,2024-07-12 00:37:00+00
759,256,INV-0759,2025-02-23,2025-04-15,4849.63,3226.77,Overdue,2025-02-23 17:08:13+00
760,417,INV-0760,2024-07-21,2024-09-10,5408.27,4806.47,Overdue,2024-07-21 07:14:15+00
761,466,INV-0761,2025-04-27,2025-06-10,5654.04,1551.69,Partially Paid,2025-04-27 21:20:08+00
762,487,INV-0762,2024-09-28,2024-11-22,120.69,0.0,Overdue,2024-09-28 19:07:20+00
763,398,INV-0763,2024-09-26,2024-11-17,5082.69,650.59,Overdue,2024-09-26 00:37:11+00
764,257,INV-0764,2024-12-28,2025-02-17,8693.05,0.0,Overdue,2024-12-28 02:16:14+00
765,33,INV-0765,2024-08-16,2024-10-08,4279.27,4238.14,Overdue,2024-08-16 00:26:31+00
766,217,INV-0766,2025-03-13,2025-05-08,2432.62,678.28,Overdue,2025-03-13 20:25:15+00
767,33,INV-0767,2024-06-13,2024-07-15,2575.68,444.26,Overdue,2024-06-13 23:34:08+00
768,334,INV-0768,2024-07-16,2024-09-14,3256.36,623.28,Overdue,2024-07-16 04:33:03+00
769,58,INV-0769,2025-05-05,2025-06-14,8226.6,3663.09,Partially Paid,2025-05-05 16:40:07+00
770,177,INV-0770,2025-02-04,2025-03-13,1414.53,1321.29,Overdue,2025-02-04 03:48:03+00
771,453,INV-0771,2025-03-12,2025-04-11,3826.02,0.0,Overdue,2025-03-12 20:49:59+00
772,430,INV-0772,2024-12-07,2025-01-20,7833.49,1740.54,Overdue,2024-12-07 12:53:49+00
773,159,INV-0773,2025-04-02,2025-05-07,9637.63,1434.31,Overdue,2025-04-02 04:41:56+00
774,311,INV-0774,2024-07-01,2024-08-30,1859.79,1827.22,Overdue,2024-07-01 19:05:49+00
775,169,INV-0775,2024-07-18,2024-08-25,2298.8,499.25,Overdue,2024-07-18 01:01:40+00
776,162,INV-0776,2025-04-26,2025-06-13,488.87,0.0,Open,2025-04-26 12:26:01+00
777,51,INV-0777,2024-11-21,2025-01-06,1017.05,359.42,Overdue,2024-11-21 04:32:43+00
778,261,INV-0778,2025-01-06,2025-03-02,1485.0,0.0,Overdue,2025-01-06 19:34:35+00
779,499,INV-0779,2024-06-01,2024-07-04,5002.73,4873.53,Overdue,2024-06-01 10:50:39+00
780,437,INV-0780,2025-01-18,2025-03-04,4756.31,0.0,Overdue,2025-01-18 22:01:28+00
781,320,INV-0781,2025-01-10,2025-03-03,2902.47,2051.83,Overdue,2025-01-10 12:18:00+00
782,321,INV-0782,2025-04-06,2025-05-15,3230.79,0.0,Overdue,2025-04-06 03:01:14+00
783,396,INV-0783,2024-10-07,2024-11-18,9436.74,0.0,Overdue,2024-10-07 19:21:31+00
784,99,INV-0784,2024-11-25,2025-01-14,3814.78,0.0,Overdue,2024-11-25 11:52:54+00
785,454,INV-0785,2024-07-25,2024-09-09,3789.5,2902.7,Overdue,2024-07-25 23:52:54+00
786,259,INV-0786,2024-12-18,2025-02-11,1573.48,0.0,Overdue,2024-12-18 19:42:35+00
787,364,INV-0787,2025-03-12,2025-04-25,2698.22,2529.26,Overdue,2025-03-12 10:26:18+00
788,303,INV-0788,2024-08-17,2024-10-02,4859.96,0.0,Overdue,2024-08-17 18:34:46+00
789,239,INV-0789,2024-06-21,2024-08-08,8245.36,0.0,Overdue,2024-06-21 15:01:35+00
790,458,INV-0790,2025-04-01,2025-05-19,7821.73,790.57,Overdue,2025-04-01 14:29:37+00
791,491,INV-0791,2024-07-24,2024-09-09,6300.11,0.0,Overdue,2024-07-24 03:35:09+00
792,367,INV-0792,2025-03-01,2025-04-23,9454.81,178.46,Overdue,2025-03-01 05:06:37+00
793,278,INV-0793,2025-03-21,2025-04-27,693.49,596.76,Overdue,2025-03-21 04:01:46+00
794,101,INV-0794,2025-05-10,2025-06-09,351.72,0.0,Open,2025-05-10 17:55:51+00
795,200,INV-0795,2025-02-07,2025-03-21,7558.62,0.0,Overdue,2025-02-07 06:32:22+00
796,211,INV-0796,2024-06-10,2024-08-04,7627.78,2341.37,Overdue,2024-06-10 18:21:21+00
797,280,INV-0797,2024-09-25,2024-10-31,3771.51,0.0,Overdue,2024-09-25 13:31:03+00
798,352,INV-0798,2024-09-17,2024-11-15,2142.77,0.0,Overdue,2024-09-17 08:47:30+00
799,1,INV-0799,2024-12-31,2025-02-18,8621.05,2262.44,Overdue,2024-12-31 00:38:29+00
800,432,INV-0800,2024-12-24,2025-02-03,1962.13,899.95,Overdue,2024-12-24 20:15:30+00
801,278,INV-0801,2024-11-30,2025-01-09,8980.52,4252.29,Overdue,2024-11-30 01:50:35+00
802,124,INV-0802,2024-10-30,2024-12-15,4112.07,803.63,Overdue,2024-10-30 11:53:32+00
803,446,INV-0803,2024-12-31,2025-02-14,9134.22,0.0,Overdue,2024-12-31 16:15:33+00
804,239,INV-0804,2025-02-14,2025-04-12,9997.2,0.0,Overdue,2025-02-14 08:39:31+00
805,286,INV-0805,2024-10-22,2024-11-30,9376.26,1366.38,Overdue,2024-10-22 18:37:21+00
806,66,INV-0806,2025-01-08,2025-02-23,6328.58,4240.31,Overdue,2025-01-08 07:52:09+00
807,160,INV-0807,2024-06-05,2024-07-22,9153.78,5709.25,Overdue,2024-06-05 05:41:07+00
808,254,INV-0808,2024-09-19,2024-10-20,2837.11,0.0,Overdue,2024-09-19 10:00:33+00
809,262,INV-0809,2024-06-19,2024-08-02,1095.47,1041.02,Overdue,2024-06-19 22:38:24+00
810,157,INV-0810,2025-03-12,2025-04-17,2413.2,0.0,Overdue,2025-03-12 09:12:50+00
811,299,INV-0811,2024-06-04,2024-07-13,1058.58,849.28,Overdue,2024-06-04 05:35:02+00
812,391,INV-0812,2025-03-31,2025-05-15,2025.4,0.0,Overdue,2025-03-31 11:26:54+00
813,404,INV-0813,2024-11-08,2024-12-14,5993.21,0.0,Overdue,2024-11-08 02:05:39+00
814,469,INV-0814,2025-04-25,2025-05-31,798.23,0.0,Open,2025-04-25 23:33:57+00
815,35,INV-0815,2024-09-23,2024-10-30,2871.36,0.0,Overdue,2024-09-23 10:23:06+00
816,129,INV-0816,2024-06-25,2024-08-23,3695.04,0.0,Overdue,2024-06-25 19:17:17+00
817,301,INV-0817,2025-04-15,2025-06-13,2364.36,0.0,Open,2025-04-15 19:31:04+00
818,147,INV-0818,2025-01-01,2025-02-06,1502.31,0.0,Overdue,2025-01-01 17:13:15+00
819,363,INV-0819,2024-06-27,2024-08-20,100.3,0.0,Overdue,2024-06-27 13:53:22+00
820,187,INV-0820,2024-09-24,2024-10-29,9611.29,0.0,Overdue,2024-09-24 04:09:45+00
821,227,INV-0821,2025-02-15,2025-04-04,743.57,0.0,Overdue,2025-02-15 09:58:19+00
822,293,INV-0822,2024-06-19,2024-08-15,2306.88,0.0,Overdue,2024-06-19 08:43:34+00
823,464,INV-0823,2024-09-06,2024-10-23,1022.87,0.0,Overdue,2024-09-06 09:38:55+00
824,462,INV-0824,2024-05-28,2024-07-06,2057.63,0.0,Overdue,2024-05-28 13:17:44+00
825,292,INV-0825,2024-12-10,2025-02-03,6757.89,0.0,Overdue,2024-12-10 15:15:00+00
826,19,INV-0826,2024-09-23,2024-11-15,661.63,0.0,Overdue,2024-09-23 22:11:18+00
827,248,INV-0827,2024-09-13,2024-11-01,3628.63,0.0,Overdue,2024-09-13 02:08:23+00
828,409,INV-0828,2024-12-05,2025-02-03,2841.79,0.0,Overdue,2024-12-05 03:39:36+00
829,296,INV-0829,2024-06-16,2024-08-08,2228.57,0.0,Overdue,2024-06-16 21:36:13+00
830,335,INV-0830,2024-05-29,2024-07-11,2404.75,0.0,Overdue,2024-05-29 23:03:10+00
831,463,INV-0831,2024-11-30,2025-01-08,8839.51,492.57,Overdue,2024-11-30 17:35:49+00
832,432,INV-0832,2025-04-22,2025-06-15,1882.9,514.5,Partially Paid,2025-04-22 19:04:06+00
833,57,INV-0833,2024-10-13,2024-11-15,7640.08,4497.8,Overdue,2024-10-13 22:40:18+00
834,5,INV-0834,2025-01-26,2025-02-26,965.82,377.39,Overdue,2025-01-26 23:20:42+00
835,302,INV-0835,2025-03-07,2025-04-11,1233.81,315.2,Overdue,2025-03-07 20:44:29+00
836,349,INV-0836,2024-12-07,2025-01-15,9732.53,2882.42,Overdue,2024-12-07 21:29:11+00
837,441,INV-0837,2025-01-16,2025-03-16,648.78,490.55,Overdue,2025-01-16 20:22:28+00
838,124,INV-0838,2024-10-16,2024-12-06,9586.1,6595.889999999999,Overdue,2024-10-16 15:43:06+00
839,209,INV-0839,2024-07-21,2024-08-31,3619.16,731.78,Overdue,2024-07-21 00:27:54+00
840,274,INV-0840,2025-02-08,2025-03-13,4802.3,0.0,Overdue,2025-02-08 19:32:12+00
841,239,INV-0841,2024-06-09,2024-07-12,5617.08,1802.77,Overdue,2024-06-09 02:14:01+00
842,117,INV-0842,2024-11-13,2024-12-14,4933.83,4589.47,Overdue,2024-11-13 23:31:40+00
843,306,INV-0843,2024-12-11,2025-01-21,2907.58,2700.61,Overdue,2024-12-11 09:00:14+00
844,67,INV-0844,2025-05-11,2025-06-28,2373.06,0.0,Open,2025-05-11 11:03:20+00
845,52,INV-0845,2024-12-16,2025-02-06,5650.59,5624.06,Overdue,2024-12-16 06:13:51+00
846,329,INV-0846,2025-04-26,2025-06-01,330.25,0.0,Open,2025-04-26 11:57:53+00
847,278,INV-0847,2024-07-16,2024-09-08,9257.55,5324.549999999999,Overdue,2024-07-16 14:55:19+00
848,362,INV-0848,2024-06-27,2024-08-07,5460.15,2848.0,Overdue,2024-06-27 07:34:47+00
849,325,INV-0849,2025-04-17,2025-06-08,1609.54,0.0,Open,2025-04-17 13:24:58+00
850,411,INV-0850,2024-07-21,2024-09-03,3564.64,624.97,Overdue,2024-07-21 16:44:23+00
851,341,INV-0851,2024-07-04,2024-08-13,7728.13,0.0,Overdue,2024-07-04 06:34:28+00
852,203,INV-0852,2024-07-24,2024-09-22,5231.34,0.0,Overdue,2024-07-24 08:16:32+00
853,53,INV-0853,2024-09-12,2024-10-18,7736.89,0.0,Overdue,2024-09-12 07:43:15+00
854,469,INV-0854,2025-03-01,2025-03-31,6692.77,0.0,Overdue,2025-03-01 03:49:39+00
855,449,INV-0855,2024-10-11,2024-11-20,4337.86,388.19,Overdue,2024-10-11 10:37:33+00
856,114,INV-0856,2025-03-14,2025-04-23,1064.68,687.88,Overdue,2025-03-14 03:07:01+00
857,277,INV-0857,2024-11-04,2024-12-10,6203.06,3912.83,Overdue,2024-11-04 19:45:51+00
858,387,INV-0858,2025-05-08,2025-07-05,5360.39,4120.5,Partially Paid,2025-05-08 11:16:57+00
859,401,INV-0859,2024-10-11,2024-12-01,7801.65,0.0,Overdue,2024-10-11 06:00:00+00
860,347,INV-0860,2024-10-20,2024-12-15,9388.87,0.0,Overdue,2024-10-20 20:40:55+00
861,40,INV-0861,2024-05-28,2024-07-18,1427.8,134.87,Overdue,2024-05-28 05:17:29+00
862,352,INV-0862,2025-05-07,2025-06-07,5289.2,0.0,Open,2025-05-07 18:43:46+00
863,426,INV-0863,2025-04-25,2025-06-13,1452.46,1446.48,Partially Paid,2025-04-25 23:37:15+00
864,444,INV-0864,2024-12-02,2025-01-04,7873.34,3625.57,Overdue,2024-12-02 11:20:14+00
865,128,INV-0865,2024-06-04,2024-07-07,138.56,0.0,Overdue,2024-06-04 15:16:06+00
866,494,INV-0866,2024-12-24,2025-02-13,9563.47,0.0,Overdue,2024-12-24 05:45:46+00
867,498,INV-0867,2024-07-09,2024-08-26,3454.67,0.0,Overdue,2024-07-09 18:36:17+00
868,245,INV-0868,2024-06-20,2024-08-19,2295.87,0.0,Overdue,2024-06-20 09:12:29+00
869,474,INV-0869,2024-06-18,2024-07-22,2685.35,552.73,Overdue,2024-06-18 00:13:25+00
870,290,INV-0870,2025-04-17,2025-05-24,2264.88,1953.06,Overdue,2025-04-17 15:06:16+00
871,40,INV-0871,2025-02-12,2025-03-28,7528.45,4802.6,Overdue,2025-02-12 12:28:28+00
872,208,INV-0872,2025-02-27,2025-04-19,9539.43,0.0,Overdue,2025-02-27 06:31:58+00
873,328,INV-0873,2024-12-07,2025-01-13,2972.63,0.0,Overdue,2024-12-07 04:18:02+00
874,27,INV-0874,2025-01-28,2025-03-16,7632.05,0.0,Overdue,2025-01-28 12:25:05+00
875,176,INV-0875,2024-09-17,2024-10-23,582.99,0.0,Overdue,2024-09-17 11:02:35+00
876,299,INV-0876,2025-01-31,2025-03-07,5978.56,4391.98,Overdue,2025-01-31 23:46:01+00
877,186,INV-0877,2024-12-20,2025-01-28,9430.15,2959.74,Overdue,2024-12-20 20:12:58+00
878,3,INV-0878,2024-12-06,2025-01-05,6250.07,0.0,Overdue,2024-12-06 11:35:31+00
879,173,INV-0879,2024-11-15,2024-12-15,3673.95,729.36,Overdue,2024-11-15 11:15:57+00
880,179,INV-0880,2024-09-13,2024-11-04,3205.55,0.0,Overdue,2024-09-13 11:54:04+00
881,45,INV-0881,2024-10-04,2024-11-24,3584.42,0.0,Overdue,2024-10-04 04:02:10+00
882,109,INV-0882,2024-11-06,2024-12-23,9296.66,1727.12,Overdue,2024-11-06 19:08:44+00
883,299,INV-0883,2024-08-21,2024-09-24,4924.84,4083.46,Overdue,2024-08-21 06:02:16+00
884,304,INV-0884,2024-10-31,2024-12-23,4968.92,1632.39,Overdue,2024-10-31 20:13:06+00
885,260,INV-0885,2025-04-13,2025-06-07,8165.83,3810.18,Partially Paid,2025-04-13 20:39:10+00
886,248,INV-0886,2024-07-01,2024-08-01,8871.59,8269.83,Overdue,2024-07-01 04:02:51+00
887,112,INV-0887,2024-09-29,2024-11-17,947.34,930.95,Overdue,2024-09-29 21:34:20+00
888,132,INV-0888,2024-08-03,2024-09-20,8048.94,1230.25,Overdue,2024-08-03 22:18:12+00
889,148,INV-0889,2024-10-16,2024-11-26,1724.86,498.51,Overdue,2024-10-16 04:15:07+00
890,176,INV-0890,2024-06-11,2024-07-29,9590.73,603.1,Overdue,2024-06-11 20:42:36+00
891,209,INV-0891,2025-04-09,2025-06-07,4658.23,0.0,Open,2025-04-09 01:34:54+00
892,495,INV-0892,2024-09-15,2024-10-16,9897.87,587.7,Overdue,2024-09-15 11:27:07+00
893,172,INV-0893,2024-07-11,2024-08-10,5677.78,4211.75,Overdue,2024-07-11 22:56:17+00
894,310,INV-0894,2024-11-29,2025-01-08,4634.77,1596.68,Overdue,2024-11-29 05:50:29+00
895,78,INV-0895,2024-07-23,2024-09-13,8994.97,0.0,Overdue,2024-07-23 06:51:11+00
896,442,INV-0896,2024-07-07,2024-08-24,4641.19,0.0,Overdue,2024-07-07 00:09:31+00
897,307,INV-0897,2024-08-14,2024-09-18,6766.63,628.87,Overdue,2024-08-14 19:02:07+00
898,329,INV-0898,2025-03-12,2025-04-11,2308.4,2265.58,Overdue,2025-03-12 07:04:46+00
899,61,INV-0899,2024-12-18,2025-02-03,671.96,166.88,Overdue,2024-12-18 20:37:14+00
900,331,INV-0900,2024-10-08,2024-11-12,4855.67,0.0,Overdue,2024-10-08 18:31:25+00
901,105,INV-0901,2025-05-09,2025-07-02,3026.88,0.0,Open,2025-05-09 18:20:54+00
902,265,INV-0902,2025-04-05,2025-05-16,8042.32,3462.1,Overdue,2025-04-05 00:55:02+00
903,107,INV-0903,2024-11-07,2024-12-27,1334.48,0.0,Overdue,2024-11-07 16:13:12+00
904,362,INV-0904,2024-07-30,2024-09-16,5564.33,0.0,Overdue,2024-07-30 09:11:18+00
905,321,INV-0905,2025-05-03,2025-06-14,2313.88,1647.52,Partially Paid,2025-05-03 16:58:47+00
906,191,INV-0906,2024-11-13,2024-12-16,6376.18,0.0,Overdue,2024-11-13 00:35:26+00
907,71,INV-0907,2025-04-15,2025-05-15,2130.5,1804.7,Overdue,2025-04-15 03:24:29+00
908,3,INV-0908,2024-12-19,2025-02-15,2371.06,810.39,Overdue,2024-12-19 03:06:59+00
909,366,INV-0909,2024-12-26,2025-02-02,6618.27,4983.12,Overdue,2024-12-26 02:26:32+00
910,435,INV-0910,2024-12-15,2025-02-09,1442.98,0.0,Overdue,2024-12-15 12:01:42+00
911,445,INV-0911,2024-07-19,2024-08-28,5001.71,0.0,Overdue,2024-07-19 01:19:54+00
912,437,INV-0912,2024-11-07,2024-12-30,3227.17,2939.0,Overdue,2024-11-07 19:37:34+00
913,448,INV-0913,2025-04-09,2025-05-25,8601.72,4888.87,Partially Paid,2025-04-09 12:40:46+00
914,331,INV-0914,2024-09-28,2024-11-17,980.72,401.84,Overdue,2024-09-28 12:33:59+00
915,125,INV-0915,2025-02-18,2025-04-03,2780.89,1854.3899999999999,Overdue,2025-02-18 23:00:27+00
916,30,INV-0916,2024-07-19,2024-09-06,1562.56,1492.59,Overdue,2024-07-19 02:04:52+00
917,186,INV-0917,2025-03-28,2025-05-10,9139.94,0.0,Overdue,2025-03-28 08:32:14+00
918,133,INV-0918,2024-06-21,2024-07-27,5537.52,5012.819999999999,Overdue,2024-06-21 21:43:41+00
919,6,INV-0919,2024-07-27,2024-09-18,903.73,0.0,Overdue,2024-07-27 02:59:47+00
920,13,INV-0920,2024-08-08,2024-09-08,3134.68,63.67,Overdue,2024-08-08 22:43:00+00
921,267,INV-0921,2024-10-06,2024-12-05,3296.02,2811.56,Overdue,2024-10-06 03:10:28+00
922,473,INV-0922,2025-04-09,2025-06-08,8100.6,0.0,Open,2025-04-09 16:41:11+00
923,371,INV-0923,2024-10-09,2024-11-09,4709.5,4524.51,Overdue,2024-10-09 02:50:00+00
924,94,INV-0924,2024-06-26,2024-08-15,8667.53,721.32,Overdue,2024-06-26 12:03:23+00
925,330,INV-0925,2025-02-19,2025-04-18,4839.4,0.0,Overdue,2025-02-19 23:32:14+00
926,444,INV-0926,2025-03-04,2025-04-04,1482.02,0.0,Overdue,2025-03-04 11:42:45+00
927,292,INV-0927,2025-01-11,2025-02-23,1091.27,587.95,Overdue,2025-01-11 23:48:27+00
928,32,INV-0928,2024-06-01,2024-07-28,5679.32,4944.27,Overdue,2024-06-01 10:12:04+00
929,443,INV-0929,2024-10-14,2024-12-11,5002.26,0.0,Overdue,2024-10-14 00:36:10+00
930,343,INV-0930,2024-11-13,2024-12-30,3769.84,0.0,Overdue,2024-11-13 08:07:04+00
931,332,INV-0931,2025-04-16,2025-05-20,759.03,156.51,Overdue,2025-04-16 19:36:51+00
932,457,INV-0932,2024-08-31,2024-10-30,7646.74,0.0,Overdue,2024-08-31 11:48:39+00
933,288,INV-0933,2024-10-24,2024-12-07,8122.03,6887.58,Overdue,2024-10-24 06:29:53+00
934,499,INV-0934,2024-09-12,2024-10-12,3436.34,917.06,Overdue,2024-09-12 20:08:56+00
935,315,INV-0935,2024-06-10,2024-07-17,124.33,0.0,Overdue,2024-06-10 13:41:35+00
936,377,INV-0936,2024-10-24,2024-11-24,6911.52,0.0,Overdue,2024-10-24 05:30:39+00
937,347,INV-0937,2025-04-07,2025-05-21,6154.62,0.0,Overdue,2025-04-07 17:51:55+00
938,252,INV-0938,2025-02-26,2025-04-21,8036.97,0.0,Overdue,2025-02-26 16:12:33+00
939,373,INV-0939,2024-12-15,2025-02-04,4160.8,0.0,Overdue,2024-12-15 00:54:49+00
940,25,INV-0940,2024-07-11,2024-08-19,2686.7,0.0,Overdue,2024-07-11 14:16:25+00
941,368,INV-0941,2024-11-25,2025-01-10,6770.67,0.0,Overdue,2024-11-25 02:40:30+00
942,343,INV-0942,2025-03-23,2025-05-02,1083.42,746.17,Overdue,2025-03-23 16:12:45+00
943,177,INV-0943,2025-05-13,2025-07-05,7445.35,0.0,Open,2025-05-13 15:37:31+00
944,114,INV-0944,2024-12-07,2025-01-14,4521.26,4259.65,Overdue,2024-12-07 03:54:38+00
945,423,INV-0945,2025-02-22,2025-04-11,1813.8,1766.11,Overdue,2025-02-22 11:23:43+00
946,295,INV-0946,2024-10-07,2024-11-10,5142.66,0.0,Overdue,2024-10-07 21:22:01+00
947,36,INV-0947,2025-02-12,2025-04-12,4925.92,928.69,Overdue,2025-02-12 21:34:42+00
948,72,INV-0948,2024-08-29,2024-10-15,9087.24,4598.74,Overdue,2024-08-29 22:05:17+00
949,201,INV-0949,2024-11-05,2024-12-16,4752.44,0.0,Overdue,2024-11-05 09:04:34+00
950,313,INV-0950,2025-01-05,2025-02-05,8625.88,0.0,Overdue,2025-01-05 12:17:17+00
951,216,INV-0951,2024-10-31,2024-12-01,464.21,0.0,Overdue,2024-10-31 01:43:11+00
952,480,INV-0952,2024-08-24,2024-10-01,5524.03,3148.12,Overdue,2024-08-24 04:46:25+00
953,192,INV-0953,2025-03-01,2025-04-15,4777.16,686.29,Overdue,2025-03-01 21:09:45+00
954,221,INV-0954,2024-05-31,2024-07-25,957.15,1034.14,Paid,2024-05-31 21:21:48+00
955,306,INV-0955,2024-06-18,2024-08-16,7743.76,0.0,Overdue,2024-06-18 16:21:43+00
956,49,INV-0956,2024-09-23,2024-10-23,892.14,0.0,Overdue,2024-09-23 06:52:52+00
957,416,INV-0957,2024-10-29,2024-12-13,6625.84,1697.24,Overdue,2024-10-29 05:17:31+00
958,21,INV-0958,2024-06-17,2024-07-24,6421.99,0.0,Overdue,2024-06-17 08:42:59+00
959,150,INV-0959,2025-01-27,2025-03-18,8856.78,0.0,Overdue,2025-01-27 15:45:39+00
960,436,INV-0960,2024-11-22,2024-12-27,4441.71,0.0,Overdue,2024-11-22 09:12:04+00
961,403,INV-0961,2024-07-31,2024-09-28,3375.42,0.0,Overdue,2024-07-31 12:15:43+00
962,403,INV-0962,2024-09-28,2024-11-06,7994.74,3120.61,Overdue,2024-09-28 20:09:40+00
963,190,INV-0963,2024-11-16,2024-12-22,772.11,0.0,Overdue,2024-11-16 02:38:24+00
964,136,INV-0964,2025-03-27,2025-05-24,6979.3,931.93,Overdue,2025-03-27 03:14:06+00
965,422,INV-0965,2024-08-26,2024-10-19,7738.03,3591.1,Overdue,2024-08-26 21:43:12+00
966,246,INV-0966,2025-01-29,2025-03-27,8272.53,2710.54,Overdue,2025-01-29 03:17:04+00
967,411,INV-0967,2025-02-11,2025-03-31,5454.26,4341.65,Overdue,2025-02-11 16:40:29+00
968,431,INV-0968,2024-07-13,2024-09-02,4204.69,3582.6600000000003,Overdue,2024-07-13 11:38:43+00
969,353,INV-0969,2024-09-09,2024-10-29,2200.49,245.07,Overdue,2024-09-09 01:41:28+00
970,433,INV-0970,2025-03-20,2025-05-09,8600.97,2492.4300000000003,Overdue,2025-03-20 21:51:04+00
971,125,INV-0971,2024-09-07,2024-10-09,7941.99,1438.91,Overdue,2024-09-07 23:11:30+00
972,462,INV-0972,2024-08-17,2024-09-24,1786.41,0.0,Overdue,2024-08-17 08:28:42+00
973,43,INV-0973,2025-05-11,2025-07-09,5170.14,0.0,Open,2025-05-11 12:18:46+00
974,474,INV-0974,2024-05-28,2024-07-17,3732.95,0.0,Overdue,2024-05-28 08:24:29+00
975,445,INV-0975,2024-07-26,2024-09-12,8927.99,0.0,Overdue,2024-07-26 08:17:15+00
976,344,INV-0976,2024-07-22,2024-09-17,8992.75,0.0,Overdue,2024-07-22 06:27:21+00
977,79,INV-0977,2024-10-16,2024-12-04,4935.06,0.0,Overdue,2024-10-16 05:33:32+00
978,156,INV-0978,2024-07-31,2024-09-19,5073.29,0.0,Overdue,2024-07-31 15:30:18+00
979,54,INV-0979,2024-07-08,2024-09-04,1600.91,0.0,Overdue,2024-07-08 00:59:52+00
980,272,INV-0980,2024-09-12,2024-10-21,7695.94,6940.75,Overdue,2024-09-12 05:55:08+00
981,272,INV-0981,2024-07-17,2024-08-17,9280.55,0.0,Overdue,2024-07-17 05:03:28+00
982,414,INV-0982,2025-03-12,2025-04-11,8911.22,0.0,Overdue,2025-03-12 08:54:14+00
983,50,INV-0983,2025-01-13,2025-03-11,2527.36,0.0,Overdue,2025-01-13 08:06:26+00
984,380,INV-0984,2024-12-06,2025-02-01,848.81,0.0,Overdue,2024-12-06 23:18:54+00
985,358,INV-0985,2024-11-26,2025-01-14,4798.71,4018.93,Overdue,2024-11-26 14:06:59+00
986,271,INV-0986,2024-08-09,2024-09-17,1269.32,926.37,Overdue,2024-08-09 23:46:40+00
987,281,INV-0987,2024-08-17,2024-09-28,5524.94,0.0,Overdue,2024-08-17 07:49:38+00
988,136,INV-0988,2024-10-23,2024-12-15,7614.34,4890.16,Overdue,2024-10-23 18:42:32+00
989,248,INV-0989,2024-10-22,2024-12-11,1351.67,1354.35,Paid,2024-10-22 23:27:55+00
990,459,INV-0990,2025-03-16,2025-05-12,5648.09,3801.95,Overdue,2025-03-16 02:33:57+00
991,181,INV-0991,2025-03-10,2025-04-24,2204.7,1793.4099999999999,Overdue,2025-03-10 00:48:22+00
992,176,INV-0992,2024-11-20,2025-01-03,5849.72,0.0,Overdue,2024-11-20 20:24:56+00
993,259,INV-0993,2024-12-12,2025-02-09,5382.42,0.0,Overdue,2024-12-12 22:01:33+00
994,389,INV-0994,2024-12-26,2025-02-17,785.09,769.64,Overdue,2024-12-26 06:56:01+00
995,413,INV-0995,2024-08-24,2024-10-12,4376.6,0.0,Overdue,2024-08-24 13:49:04+00
996,391,INV-0996,2025-03-17,2025-04-21,9624.01,620.06,Overdue,2025-03-17 06:23:53+00
997,94,INV-0997,2025-01-13,2025-02-20,5472.4,2872.62,Overdue,2025-01-13 18:32:39+00
998,422,INV-0998,2024-08-31,2024-10-01,4961.59,0.0,Overdue,2024-08-31 06:55:22+00
999,335,INV-0999,2025-05-08,2025-06-21,2876.38,2175.29,Partially Paid,2025-05-08 09:44:34+00
1000,418,INV-1000,2024-08-14,2024-10-10,3878.98,0.0,Overdue,2024-08-14 12:34:12+00
