PaymentID,InvoiceID,ClientID,PaymentDate,Amount,PaymentMethod,ReferenceNumber,Notes,CreatedAt
1,306,2,2025-01-04,536.99,Bank Transfer,PAY-0001,Politics rule form modern sometimes.,2025-01-04 02:42:48+00
2,267,28,2025-04-24,4629.83,Check,PAY-0002,Character coach consider side.,2025-04-24 09:03:01+00
3,64,36,2025-05-04,2898.88,Other,PAY-0003,Blue Mr choice reach both.,2025-05-04 17:52:07+00
4,303,20,2025-04-14,1375.9,Cash,PAY-0004,,2025-04-14 17:43:49+00
5,2,165,2025-05-04,1394.39,Cash,PAY-0005,Answer kitchen management.,2025-05-04 14:25:26+00
6,838,124,2025-04-28,3527.9,Credit Card,PAY-0006,Board season anyone partner fight agree rise.,2025-04-28 00:11:09+00
7,446,399,2025-03-24,1312.76,Other,PAY-0007,Every yet mission themselves economy decide.,2025-03-24 00:38:42+00
8,181,7,2025-04-17,578.75,Credit Card,PAY-0008,Pattern feel responsibility middle watch.,2025-04-17 10:00:07+00
9,612,483,2024-08-10,2612.38,Bank Transfer,PAY-0009,,2024-08-10 16:44:07+00
10,28,360,2025-02-17,930.17,Check,PAY-0010,,2025-02-17 03:23:46+00
11,399,224,2025-03-12,207.97,Credit Card,PAY-0011,,2025-03-12 02:08:41+00
12,884,304,2025-03-02,1632.39,Check,PAY-0012,,2025-03-02 04:55:37+00
13,285,292,2024-12-26,2603.18,Bank Transfer,PAY-0013,True opportunity report.,2024-12-26 06:23:58+00
14,835,302,2025-04-03,315.2,Credit Card,PAY-0014,,2025-04-03 00:47:55+00
15,962,403,2025-05-20,3120.61,Credit Card,PAY-0015,Road drop idea certainly but.,2025-05-20 13:16:59+00
16,792,367,2025-04-04,178.46,Cash,PAY-0016,Maintain story southern check together.,2025-04-04 22:56:40+00
17,162,299,2025-02-06,199.55,Credit Card,PAY-0017,Use these use rock international radio car respond.,2025-02-06 21:22:17+00
18,765,33,2025-03-08,3072.5,Other,PAY-0018,Knowledge fall section.,2025-03-08 13:08:56+00
19,989,248,2025-01-23,1316.29,Bank Transfer,PAY-0019,Anyone choose heart eye individual.,2025-01-23 07:21:08+00
20,746,300,2025-04-17,392.45,Other,PAY-0020,Turn home federal citizen.,2025-04-17 09:35:03+00
21,694,114,2024-12-25,462.8,Check,PAY-0021,,2024-12-25 19:39:41+00
22,836,349,2025-04-13,2882.42,Other,PAY-0022,East become move establish she technology natural.,2025-04-13 18:31:01+00
23,491,342,2025-04-23,3154.4,Check,PAY-0023,,2025-04-23 05:20:34+00
24,94,405,2025-05-19,280.0,Check,PAY-0024,,2025-05-19 00:00:55+00
25,313,236,2025-05-20,1899.87,Credit Card,PAY-0025,Idea rate news nation.,2025-05-20 10:43:58+00
26,436,97,2025-01-29,1615.98,Bank Transfer,PAY-0026,,2025-01-29 05:55:54+00
27,225,109,2024-12-19,509.53,Cash,PAY-0027,Speak month conference success firm safe.,2024-12-19 09:38:36+00
28,921,267,2024-12-27,2811.56,Other,PAY-0028,Official understand employee management be.,2024-12-27 18:48:19+00
29,513,252,2025-05-23,1138.79,Credit Card,PAY-0029,,2025-05-23 19:24:11+00
30,470,8,2025-02-11,737.44,Bank Transfer,PAY-0030,,2025-02-11 03:10:32+00
31,671,87,2025-03-30,1287.9,Cash,PAY-0031,Research operation no impact.,2025-03-30 11:59:44+00
32,720,395,2025-05-24,3079.89,Credit Card,PAY-0032,Establish then up hour air once nature.,2025-05-24 03:56:31+00
33,757,144,2025-04-11,573.67,Check,PAY-0033,Board blood white PM join.,2025-04-11 03:49:23+00
34,661,178,2025-01-21,2588.33,Credit Card,PAY-0034,Blood piece free.,2025-01-21 19:03:28+00
35,34,215,2024-12-16,294.16,Check,PAY-0035,,2024-12-16 05:22:36+00
36,131,500,2025-01-29,893.71,Credit Card,PAY-0036,,2025-01-29 17:07:22+00
37,429,392,2025-04-24,4610.29,Bank Transfer,PAY-0037,,2025-04-24 04:32:17+00
38,215,236,2025-05-11,85.44,Other,PAY-0038,Establish position fight commercial since.,2025-05-11 19:46:28+00
39,559,173,2025-02-06,198.21,Cash,PAY-0039,,2025-02-06 23:47:20+00
40,858,387,2025-05-18,4041.43,Cash,PAY-0040,Along town today exist experience.,2025-05-18 14:33:49+00
41,947,36,2025-04-09,928.69,Other,PAY-0041,Among doctor design story white.,2025-04-09 04:08:37+00
42,841,239,2024-08-28,1802.77,Bank Transfer,PAY-0042,Must democratic president enter the nature yes.,2024-08-28 16:52:37+00
43,807,160,2024-09-07,3360.28,Credit Card,PAY-0043,,2024-09-07 20:55:57+00
44,154,144,2025-03-17,1545.87,Other,PAY-0044,Parent bag education total middle whom.,2025-03-17 06:51:57+00
45,683,313,2024-12-06,104.04,Other,PAY-0045,,2024-12-06 13:53:24+00
46,591,209,2025-03-23,972.95,Bank Transfer,PAY-0046,,2025-03-23 18:47:27+00
47,966,246,2025-02-26,2710.54,Other,PAY-0047,Tax condition help election hit feel.,2025-02-26 17:15:39+00
48,211,303,2025-05-15,575.22,Check,PAY-0048,,2025-05-15 12:16:54+00
49,576,481,2025-04-15,3328.41,Bank Transfer,PAY-0049,Lay assume result any across national market.,2025-04-15 17:33:33+00
50,315,195,2025-01-14,2973.81,Credit Card,PAY-0050,,2025-01-14 12:18:55+00
51,811,299,2025-01-29,286.81,Other,PAY-0051,Case executive identify alone respond.,2025-01-29 01:28:16+00
52,666,31,2025-02-27,1308.8,Check,PAY-0052,Less big learn value.,2025-02-27 10:07:19+00
53,619,34,2025-02-04,2980.51,Cash,PAY-0053,Fine step fact strong business.,2025-02-04 23:01:39+00
54,56,43,2025-05-23,796.42,Credit Card,PAY-0054,If coach interview visit soon how.,2025-05-23 08:41:57+00
55,645,281,2025-05-08,837.71,Other,PAY-0055,Firm other vote role central stay.,2025-05-08 05:13:40+00
56,897,307,2024-08-23,628.87,Credit Card,PAY-0056,Anything senior put adult find.,2024-08-23 18:59:31+00
57,50,267,2025-01-05,512.14,Credit Card,PAY-0057,Store PM area walk enjoy factor.,2025-01-05 17:36:37+00
58,180,334,2025-01-09,4367.28,Credit Card,PAY-0058,,2025-01-09 03:55:42+00
59,78,133,2025-03-11,4501.29,Credit Card,PAY-0059,,2025-03-11 01:31:37+00
60,329,213,2025-04-27,2920.48,Cash,PAY-0060,Court discover member her.,2025-04-27 02:51:53+00
61,264,51,2024-10-04,785.32,Bank Transfer,PAY-0061,,2024-10-04 22:23:29+00
62,273,111,2024-07-21,255.43,Credit Card,PAY-0062,,2024-07-21 01:16:36+00
63,760,417,2024-07-21,4050.48,Check,PAY-0063,Here hard behind theory.,2024-07-21 06:56:57+00
64,682,53,2025-05-08,3875.8,Other,PAY-0064,,2025-05-08 04:39:01+00
65,43,417,2025-05-01,4897.05,Bank Transfer,PAY-0065,Improve painting career law Mrs be.,2025-05-01 13:23:06+00
66,915,125,2025-02-19,1048.46,Bank Transfer,PAY-0066,Include color player area actually when energy color.,2025-02-19 23:18:53+00
67,373,421,2024-11-18,223.91,Other,PAY-0067,,2024-11-18 16:59:48+00
68,768,334,2025-03-12,623.28,Other,PAY-0068,Relationship trouble leg.,2025-03-12 01:29:20+00
69,451,352,2025-05-24,1259.01,Credit Card,PAY-0069,Pick Republican brother suddenly way treat.,2025-05-24 15:12:31+00
70,349,291,2025-04-14,3576.14,Check,PAY-0070,,2025-04-14 14:22:33+00
71,197,13,2025-05-17,3013.04,Other,PAY-0071,Worry fight building choice.,2025-05-17 20:44:16+00
72,11,240,2025-05-24,3101.33,Check,PAY-0072,Investment note top machine benefit.,2025-05-24 09:44:09+00
73,44,425,2025-05-19,1418.84,Credit Card,PAY-0073,,2025-05-19 04:30:22+00
74,755,62,2025-03-20,2358.55,Credit Card,PAY-0074,Visit forget style.,2025-03-20 19:12:30+00
75,688,384,2024-09-30,133.15,Credit Card,PAY-0075,,2024-09-30 06:34:54+00
76,402,168,2025-03-10,4501.54,Credit Card,PAY-0076,,2025-03-10 17:16:37+00
77,206,497,2025-05-20,449.04,Bank Transfer,PAY-0077,,2025-05-20 12:15:52+00
78,502,172,2025-04-26,2487.79,Cash,PAY-0078,President drive ten west what.,2025-04-26 11:57:44+00
79,886,248,2024-08-25,4048.37,Bank Transfer,PAY-0079,Go woman easy open small imagine season form.,2024-08-25 15:58:34+00
80,271,166,2025-03-12,741.26,Bank Transfer,PAY-0080,Fear attorney reflect admit watch line purpose.,2025-03-12 07:27:17+00
81,521,171,2024-11-23,4383.0,Bank Transfer,PAY-0081,,2024-11-23 11:09:11+00
82,333,178,2025-04-22,553.09,Bank Transfer,PAY-0082,,2025-04-22 07:13:32+00
83,169,208,2025-04-21,2951.47,Other,PAY-0083,,2025-04-21 06:43:44+00
84,312,98,2024-10-10,4792.17,Check,PAY-0084,,2024-10-10 16:57:49+00
85,763,398,2025-04-06,650.59,Other,PAY-0085,,2025-04-06 13:16:56+00
86,76,384,2025-05-21,2404.31,Credit Card,PAY-0086,,2025-05-21 17:10:06+00
87,30,211,2024-12-26,3020.15,Bank Transfer,PAY-0087,Finish it cultural page.,2024-12-26 15:01:32+00
88,239,187,2025-02-11,1016.28,Check,PAY-0088,,2025-02-11 10:36:20+00
89,747,154,2025-04-24,303.7,Other,PAY-0089,School perform street believe large third.,2025-04-24 10:57:00+00
90,101,431,2025-05-22,3132.08,Bank Transfer,PAY-0090,,2025-05-22 07:05:04+00
91,838,124,2025-03-10,3067.99,Other,PAY-0091,Poor prove old face toward.,2025-03-10 20:15:49+00
92,121,141,2025-04-10,2659.05,Cash,PAY-0092,Reduce ability something score you.,2025-04-10 02:35:28+00
93,59,105,2025-05-24,3224.62,Cash,PAY-0093,Source do event nothing.,2025-05-24 12:56:42+00
94,628,265,2024-10-30,1083.21,Other,PAY-0094,,2024-10-30 15:37:30+00
95,93,345,2025-02-02,1765.61,Bank Transfer,PAY-0095,,2025-02-02 08:02:05+00
96,351,19,2025-03-27,249.42,Bank Transfer,PAY-0096,,2025-03-27 10:06:22+00
97,980,272,2025-04-02,818.75,Check,PAY-0097,Challenge have edge wrong piece area list.,2025-04-02 17:24:44+00
98,1,67,2025-05-15,1831.3,Other,PAY-0098,Case either main.,2025-05-15 20:35:01+00
99,761,466,2025-05-16,1551.69,Other,PAY-0099,,2025-05-16 17:42:23+00
100,49,58,2024-11-06,3444.54,Bank Transfer,PAY-0100,,2024-11-06 06:37:56+00
101,86,123,2025-04-12,3840.72,Check,PAY-0101,Effect rich write tell be.,2025-04-12 23:20:23+00
102,969,353,2024-11-27,245.07,Check,PAY-0102,Really along bag ahead behind own inside strategy.,2024-11-27 06:41:41+00
103,653,263,2025-01-17,188.71,Bank Transfer,PAY-0103,Fight whether player similar include affect.,2025-01-17 04:23:45+00
104,517,314,2025-03-13,3456.97,Credit Card,PAY-0104,East particular late.,2025-03-13 17:16:54+00
105,151,305,2025-02-13,4306.71,Cash,PAY-0105,,2025-02-13 13:57:04+00
106,912,437,2025-03-10,2325.42,Cash,PAY-0106,,2025-03-10 20:32:50+00
107,933,288,2025-03-02,3321.13,Cash,PAY-0107,Quickly traditional blood enough.,2025-03-02 00:19:54+00
108,441,446,2025-02-21,2264.84,Credit Card,PAY-0108,,2025-02-21 01:11:22+00
109,752,259,2025-01-09,551.06,Credit Card,PAY-0109,Hear perform summer let realize.,2025-01-09 21:22:13+00
110,556,34,2025-04-07,1197.89,Bank Transfer,PAY-0110,,2025-04-07 04:15:38+00
111,160,257,2025-02-01,2010.63,Bank Transfer,PAY-0111,Name although force go.,2025-02-01 12:34:42+00
112,120,124,2024-12-22,686.83,Credit Card,PAY-0112,Dark chance somebody him drug simply total.,2024-12-22 07:55:54+00
113,144,176,2025-05-21,2547.09,Cash,PAY-0113,What sit cut him once.,2025-05-21 04:51:51+00
114,717,208,2025-04-17,3526.61,Check,PAY-0114,They heart indeed but institution.,2025-04-17 09:31:46+00
115,625,316,2024-07-16,113.27,Other,PAY-0115,Indicate join rich hot green of.,2024-07-16 04:45:14+00
116,809,262,2024-10-27,1041.02,Cash,PAY-0116,,2024-10-27 14:04:43+00
117,559,173,2025-03-18,654.85,Other,PAY-0117,Day region debate tree enjoy shake.,2025-03-18 23:50:15+00
118,227,440,2025-05-05,4415.16,Cash,PAY-0118,,2025-05-05 05:26:05+00
119,14,226,2025-05-13,169.21,Other,PAY-0119,Have north ready would voice.,2025-05-13 09:16:51+00
120,721,194,2024-10-11,731.11,Other,PAY-0120,,2024-10-11 03:28:44+00
121,909,366,2025-05-11,4983.12,Bank Transfer,PAY-0121,,2025-05-11 02:47:33+00
122,907,71,2025-05-12,544.29,Check,PAY-0122,Military range country week education.,2025-05-12 13:49:11+00
123,50,267,2025-01-02,2994.64,Check,PAY-0123,Then card service production role score.,2025-01-02 17:10:43+00
124,603,287,2025-05-10,4784.54,Other,PAY-0124,,2025-05-10 20:24:04+00
125,634,417,2025-04-14,486.53,Bank Transfer,PAY-0125,,2025-04-14 20:22:08+00
126,502,172,2025-04-04,1050.78,Credit Card,PAY-0126,,2025-04-04 07:06:54+00
127,883,299,2024-10-26,4083.46,Bank Transfer,PAY-0127,While how book upon.,2024-10-26 07:14:51+00
128,416,33,2024-10-25,4163.54,Cash,PAY-0128,Peace issue shake.,2024-10-25 16:55:27+00
129,36,183,2024-12-07,2306.77,Bank Transfer,PAY-0129,,2024-12-07 16:53:47+00
130,463,437,2024-12-06,541.34,Credit Card,PAY-0130,,2024-12-06 11:50:28+00
131,855,449,2024-12-22,388.19,Bank Transfer,PAY-0131,Result power both ground yes development.,2024-12-22 04:01:20+00
132,272,476,2024-11-03,2727.26,Credit Card,PAY-0132,Since scientist resource behavior individual land industry.,2024-11-03 18:37:36+00
133,625,316,2025-01-16,387.54,Cash,PAY-0133,,2025-01-16 09:14:40+00
134,14,226,2025-04-09,64.78,Other,PAY-0134,Guess camera others.,2025-04-09 06:46:07+00
135,87,372,2025-03-21,171.52,Credit Card,PAY-0135,,2025-03-21 13:37:30+00
136,622,145,2024-11-13,2259.24,Other,PAY-0136,,2024-11-13 16:36:07+00
137,406,31,2025-04-09,1995.22,Credit Card,PAY-0137,,2025-04-09 10:15:41+00
138,181,7,2024-12-31,3242.44,Bank Transfer,PAY-0138,,2024-12-31 05:09:40+00
139,773,159,2025-05-14,1434.31,Check,PAY-0139,Kitchen seven trouble other rise member.,2025-05-14 10:14:24+00
140,639,404,2024-08-10,3200.33,Bank Transfer,PAY-0140,,2024-08-10 23:39:30+00
141,425,90,2025-05-22,785.49,Other,PAY-0141,,2025-05-22 10:14:23+00
142,968,431,2025-04-25,1355.88,Bank Transfer,PAY-0142,,2025-04-25 15:44:24+00
143,445,83,2025-01-19,4884.07,Bank Transfer,PAY-0143,,2025-01-19 13:58:35+00
144,416,33,2025-03-10,2194.02,Check,PAY-0144,,2025-03-10 10:21:16+00
145,256,118,2025-02-16,90.83,Other,PAY-0145,Learn world production wife business seem people next.,2025-02-16 06:38:49+00
146,611,381,2025-04-21,2404.26,Credit Card,PAY-0146,,2025-04-21 08:50:28+00
147,212,155,2025-03-15,2717.5,Bank Transfer,PAY-0147,,2025-03-15 00:31:03+00
148,238,451,2025-03-03,3536.29,Cash,PAY-0148,Home say door right score.,2025-03-03 08:10:57+00
149,886,248,2024-08-18,1566.95,Cash,PAY-0149,Easy leave small cell image.,2024-08-18 21:59:02+00
150,172,498,2024-12-10,55.84,Check,PAY-0150,,2024-12-10 12:17:00+00
151,232,417,2024-08-25,3924.87,Bank Transfer,PAY-0151,Radio night administration score three both course.,2024-08-25 11:00:54+00
152,13,350,2025-05-07,4805.39,Credit Card,PAY-0152,Work six agent about deal same.,2025-05-07 11:51:43+00
153,572,14,2025-04-08,2451.6,Credit Card,PAY-0153,Research foreign financial management.,2025-04-08 20:51:29+00
154,293,206,2025-04-05,2872.98,Bank Transfer,PAY-0154,,2025-04-05 11:05:23+00
155,242,206,2025-03-29,3772.28,Check,PAY-0155,,2025-03-29 09:12:25+00
156,944,114,2025-02-22,1795.68,Bank Transfer,PAY-0156,Start head peace number upon agree agreement.,2025-02-22 03:17:43+00
157,994,389,2024-12-28,685.15,Check,PAY-0157,Different region beautiful form middle during we.,2024-12-28 21:10:06+00
158,705,261,2024-07-17,443.17,Check,PAY-0158,,2024-07-17 21:38:03+00
159,294,156,2024-10-03,1036.51,Other,PAY-0159,,2024-10-03 03:27:07+00
160,720,395,2025-05-22,128.35,Bank Transfer,PAY-0160,,2025-05-22 00:58:16+00
161,367,361,2024-12-03,4421.03,Credit Card,PAY-0161,,2024-12-03 21:12:34+00
162,554,398,2025-04-23,1133.18,Check,PAY-0162,,2025-04-23 04:58:01+00
163,988,136,2025-01-26,3195.24,Credit Card,PAY-0163,,2025-01-26 01:10:21+00
164,155,307,2025-02-06,1991.94,Credit Card,PAY-0164,,2025-02-06 06:05:09+00
165,928,32,2024-12-15,4944.27,Credit Card,PAY-0165,,2024-12-15 06:13:50+00
166,452,195,2025-04-24,3530.33,Bank Transfer,PAY-0166,,2025-04-24 07:41:31+00
167,16,208,2025-03-14,2226.7,Cash,PAY-0167,,2025-03-14 22:41:45+00
168,44,425,2025-03-07,2998.37,Cash,PAY-0168,,2025-03-07 01:56:14+00
169,417,307,2025-05-13,2312.13,Bank Transfer,PAY-0169,,2025-05-13 08:37:18+00
170,190,281,2025-04-28,532.07,Cash,PAY-0170,Easy pattern career catch land product history among.,2025-04-28 15:46:03+00
171,452,195,2025-03-04,988.61,Check,PAY-0171,Wait hotel people feeling.,2025-03-04 02:55:00+00
172,607,486,2025-05-14,521.12,Check,PAY-0172,Enter develop simple interview support local.,2025-05-14 21:47:50+00
173,887,112,2025-03-28,872.36,Other,PAY-0173,,2025-03-28 00:09:54+00
174,985,358,2025-04-15,3501.66,Cash,PAY-0174,Affect military candidate tax someone training.,2025-04-15 07:03:52+00
175,141,24,2025-05-05,3121.86,Cash,PAY-0175,,2025-05-05 07:12:05+00
176,534,387,2024-11-13,821.8,Credit Card,PAY-0176,Draw marriage plan tend car guy.,2024-11-13 21:23:57+00
177,489,411,2025-04-21,530.99,Cash,PAY-0177,,2025-04-21 11:45:36+00
178,527,456,2025-03-15,693.62,Other,PAY-0178,Tax pass character need too score.,2025-03-15 03:15:44+00
179,573,130,2024-12-25,901.42,Cash,PAY-0179,,2024-12-25 16:12:07+00
180,231,219,2025-01-22,2852.46,Credit Card,PAY-0180,Very college small light deep article.,2025-01-22 23:19:42+00
181,342,188,2025-05-01,4221.04,Cash,PAY-0181,Allow control west training see free.,2025-05-01 05:55:40+00
182,913,448,2025-04-13,4888.87,Check,PAY-0182,View could end fill record trade approach.,2025-04-13 10:41:27+00
183,576,481,2025-05-18,3710.23,Credit Card,PAY-0183,,2025-05-18 16:58:16+00
184,587,472,2025-04-06,4642.75,Bank Transfer,PAY-0184,Us size always his south lay rest ability.,2025-04-06 06:45:21+00
185,446,399,2025-04-17,197.48,Check,PAY-0185,Accept fish quality interview.,2025-04-17 10:18:00+00
186,155,307,2024-11-05,4370.64,Check,PAY-0186,Alone head teacher spend born race require law.,2024-11-05 12:32:54+00
187,463,437,2024-10-13,1016.08,Credit Card,PAY-0187,Young cell baby pay than.,2024-10-13 10:43:41+00
188,232,417,2025-05-19,4081.84,Bank Transfer,PAY-0188,,2025-05-19 16:40:53+00
189,646,77,2025-04-18,4766.04,Credit Card,PAY-0189,,2025-04-18 13:19:06+00
190,250,334,2025-04-22,66.69,Check,PAY-0190,,2025-04-22 18:35:50+00
191,770,177,2025-03-17,1080.06,Bank Transfer,PAY-0191,,2025-03-17 22:23:57+00
192,531,438,2025-01-29,2277.13,Check,PAY-0192,,2025-01-29 16:12:05+00
193,669,321,2025-03-15,3120.12,Bank Transfer,PAY-0193,,2025-03-15 05:58:13+00
194,117,395,2025-03-05,453.78,Other,PAY-0194,,2025-03-05 01:18:37+00
195,648,387,2024-11-06,82.85,Credit Card,PAY-0195,Learn matter send remain.,2024-11-06 13:57:21+00
196,537,146,2025-02-17,3596.23,Check,PAY-0196,,2025-02-17 03:38:57+00
197,10,124,2025-05-14,808.36,Bank Transfer,PAY-0197,Need arm same high without.,2025-05-14 03:34:47+00
198,206,497,2025-04-01,103.58,Check,PAY-0198,Thing enter size and thus cost.,2025-04-01 11:21:42+00
199,336,395,2024-12-10,1690.11,Check,PAY-0199,Environment marriage pay kitchen each.,2024-12-10 17:27:21+00
200,931,332,2025-05-13,156.51,Check,PAY-0200,,2025-05-13 20:28:55+00
201,627,456,2025-05-05,884.98,Check,PAY-0201,Nice research with another cold third.,2025-05-05 15:28:44+00
202,394,400,2025-01-16,502.17,Credit Card,PAY-0202,,2025-01-16 21:25:26+00
203,790,458,2025-05-09,790.57,Other,PAY-0203,,2025-05-09 02:40:25+00
204,447,136,2025-03-28,2148.95,Bank Transfer,PAY-0204,,2025-03-28 17:45:28+00
205,918,133,2024-12-12,950.56,Cash,PAY-0205,Lead program lose.,2024-12-12 01:57:12+00
206,727,329,2025-01-02,4255.34,Other,PAY-0206,,2025-01-02 07:57:37+00
207,337,297,2025-04-16,714.2,Cash,PAY-0207,Media drug force project some player.,2025-04-16 05:45:51+00
208,432,380,2024-12-31,2501.25,Bank Transfer,PAY-0208,,2024-12-31 17:07:26+00
209,54,154,2025-05-17,180.01,Bank Transfer,PAY-0209,Tax born machine tonight.,2025-05-17 02:23:10+00
210,811,299,2025-04-28,413.79,Bank Transfer,PAY-0210,,2025-04-28 04:23:05+00
211,209,397,2025-05-16,457.77,Check,PAY-0211,,2025-05-16 17:41:07+00
212,469,228,2025-04-19,1053.0,Other,PAY-0212,Short ability business certainly amount.,2025-04-19 19:49:02+00
213,905,321,2025-05-06,902.32,Credit Card,PAY-0213,Design assume director almost policy.,2025-05-06 23:41:45+00
214,767,33,2025-03-03,444.26,Credit Card,PAY-0214,Sport future similar four probably policy.,2025-03-03 02:25:34+00
215,97,480,2024-09-05,1535.01,Credit Card,PAY-0215,,2024-09-05 18:23:45+00
216,100,362,2025-05-02,4720.86,Bank Transfer,PAY-0216,,2025-05-02 21:47:04+00
217,491,342,2025-04-15,146.02,Check,PAY-0217,,2025-04-15 17:18:17+00
218,454,25,2025-01-12,1694.01,Other,PAY-0218,,2025-01-12 14:58:13+00
219,898,329,2025-03-28,2265.58,Bank Transfer,PAY-0219,Key deal imagine charge.,2025-03-28 23:22:31+00
220,107,142,2025-04-13,183.65,Credit Card,PAY-0220,,2025-04-13 10:11:40+00
221,144,176,2025-05-23,1258.8,Cash,PAY-0221,,2025-05-23 13:47:01+00
222,419,57,2024-09-15,1463.87,Credit Card,PAY-0222,By nation positive kitchen.,2024-09-15 01:19:57+00
223,325,45,2025-02-01,3966.62,Check,PAY-0223,,2025-02-01 04:50:21+00
224,99,315,2025-05-19,283.3,Bank Transfer,PAY-0224,,2025-05-19 01:36:14+00
225,69,109,2025-03-27,2339.8,Credit Card,PAY-0225,,2025-03-27 09:40:58+00
226,848,362,2024-08-30,2848.0,Credit Card,PAY-0226,Nearly fall only avoid.,2024-08-30 05:28:27+00
227,397,106,2024-09-04,2857.26,Credit Card,PAY-0227,At democratic couple allow.,2024-09-04 17:41:09+00
228,889,148,2025-04-29,498.51,Other,PAY-0228,,2025-04-29 04:58:03+00
229,508,258,2025-05-23,3145.44,Check,PAY-0229,,2025-05-23 00:24:14+00
230,555,82,2024-12-23,2969.19,Check,PAY-0230,,2024-12-23 01:30:43+00
231,986,271,2025-02-12,926.37,Check,PAY-0231,War better me since senior especially investment.,2025-02-12 12:36:59+00
232,870,290,2025-04-29,1953.06,Other,PAY-0232,,2025-04-29 15:15:46+00
233,990,459,2025-04-13,3287.79,Bank Transfer,PAY-0233,One man because region same economy sign other.,2025-04-13 18:57:13+00
234,945,423,2025-05-12,1070.33,Other,PAY-0234,Respond machine region.,2025-05-12 19:27:01+00
235,499,76,2024-08-15,365.25,Cash,PAY-0235,Work capital consider million himself treat source.,2024-08-15 11:33:56+00
236,372,79,2025-05-02,4850.08,Other,PAY-0236,Address sign either government.,2025-05-02 19:29:35+00
237,779,499,2024-11-17,4726.83,Bank Transfer,PAY-0237,Method quite store present party standard.,2024-11-17 07:56:55+00
238,73,282,2025-01-12,2628.71,Bank Transfer,PAY-0238,,2025-01-12 02:56:41+00
239,390,149,2025-05-24,805.45,Other,PAY-0239,,2025-05-24 07:50:52+00
240,968,431,2024-09-23,2226.78,Credit Card,PAY-0240,Blood all over have.,2024-09-23 09:04:06+00
241,863,426,2025-05-03,1446.48,Check,PAY-0241,,2025-05-03 12:06:26+00
242,214,178,2025-02-04,3354.77,Check,PAY-0242,,2025-02-04 23:22:52+00
243,149,15,2025-05-05,672.66,Bank Transfer,PAY-0243,,2025-05-05 05:13:37+00
244,482,17,2024-10-28,991.03,Cash,PAY-0244,,2024-10-28 14:54:40+00
245,226,6,2025-02-25,3294.7,Credit Card,PAY-0245,,2025-02-25 22:38:42+00
246,43,417,2025-05-01,1742.46,Cash,PAY-0246,Glass quickly add beautiful bar turn.,2025-05-01 22:35:53+00
247,888,132,2025-05-04,1230.25,Bank Transfer,PAY-0247,,2025-05-04 18:31:38+00
248,219,27,2024-12-26,2919.43,Bank Transfer,PAY-0248,,2024-12-26 09:05:51+00
249,166,330,2025-03-13,706.39,Credit Card,PAY-0249,,2025-03-13 21:43:52+00
250,696,79,2025-02-07,2066.78,Other,PAY-0250,No home mind difficult tough significant middle himself.,2025-02-07 20:05:29+00
251,890,176,2024-08-14,603.1,Credit Card,PAY-0251,Defense quality more how popular law.,2024-08-14 10:16:11+00
252,915,125,2025-05-03,805.93,Other,PAY-0252,Direction begin join network pull.,2025-05-03 11:39:57+00
253,120,124,2024-07-17,82.33,Check,PAY-0253,,2024-07-17 18:58:56+00
254,833,57,2024-11-09,4497.8,Check,PAY-0254,,2024-11-09 12:03:58+00
255,138,327,2025-02-17,157.6,Check,PAY-0255,,2025-02-17 19:16:43+00
256,952,480,2024-09-14,1218.17,Credit Card,PAY-0256,,2024-09-14 03:15:10+00
257,72,20,2025-03-06,172.58,Cash,PAY-0257,Detail religious red decision.,2025-03-06 13:12:30+00
258,997,94,2025-04-29,2872.62,Bank Transfer,PAY-0258,,2025-04-29 03:29:35+00
259,691,116,2025-04-22,4509.06,Cash,PAY-0259,Firm improve defense area.,2025-04-22 19:15:38+00
260,388,23,2025-01-12,3018.4,Bank Transfer,PAY-0260,,2025-01-12 09:08:35+00
261,439,165,2024-11-20,1503.19,Bank Transfer,PAY-0261,,2024-11-20 04:58:36+00
262,629,405,2025-02-21,427.45,Bank Transfer,PAY-0262,All hear brother manage blue land.,2025-02-21 11:47:04+00
263,298,11,2025-04-20,1291.02,Other,PAY-0263,Provide significant fund plant.,2025-04-20 22:51:23+00
264,222,98,2025-05-08,1910.71,Check,PAY-0264,Man game dinner sit look however face.,2025-05-08 09:20:19+00
265,49,58,2025-01-27,826.25,Bank Transfer,PAY-0265,Should look begin sister across health.,2025-01-27 05:37:46+00
266,752,259,2025-02-18,3697.91,Credit Card,PAY-0266,Skin girl senior type often.,2025-02-18 14:53:42+00
267,834,5,2025-02-07,377.39,Other,PAY-0267,,2025-02-07 13:58:36+00
268,196,288,2025-03-05,415.07,Other,PAY-0268,,2025-03-05 12:12:02+00
269,330,321,2025-04-27,111.7,Credit Card,PAY-0269,,2025-04-27 00:11:01+00
270,457,230,2024-10-16,3068.51,Other,PAY-0270,,2024-10-16 14:30:28+00
271,837,441,2025-02-22,490.55,Bank Transfer,PAY-0271,,2025-02-22 12:40:49+00
272,188,265,2025-04-06,85.53,Cash,PAY-0272,Production PM prove building play industry cold.,2025-04-06 06:55:20+00
273,34,215,2024-10-09,61.88,Other,PAY-0273,,2024-10-09 03:21:07+00
274,967,411,2025-05-22,2524.54,Bank Transfer,PAY-0274,,2025-05-22 07:19:57+00
275,411,464,2024-11-15,4833.14,Credit Card,PAY-0275,,2024-11-15 07:19:29+00
276,724,57,2024-12-13,282.38,Credit Card,PAY-0276,Security her collection better.,2024-12-13 22:35:16+00
277,607,486,2025-04-02,43.28,Credit Card,PAY-0277,,2025-04-02 22:28:25+00
278,153,387,2025-05-17,2348.13,Cash,PAY-0278,Tv amount usually mind art seek election.,2025-05-17 02:28:34+00
279,276,379,2025-02-15,1059.69,Cash,PAY-0279,Nor sell American American pick responsibility.,2025-02-15 22:04:32+00
280,847,278,2025-02-23,3238.99,Bank Transfer,PAY-0280,,2025-02-23 18:32:31+00
281,203,145,2024-12-18,4671.15,Bank Transfer,PAY-0281,,2024-12-18 02:35:41+00
282,777,51,2025-04-23,207.93,Cash,PAY-0282,,2025-04-23 14:01:28+00
283,73,282,2025-04-05,274.95,Cash,PAY-0283,Be public civil option.,2025-04-05 07:46:05+00
284,612,483,2024-10-14,98.7,Check,PAY-0284,Government economic new organization.,2024-10-14 02:11:55+00
285,463,437,2025-01-21,113.37,Check,PAY-0285,,2025-01-21 02:44:00+00
286,593,459,2025-04-17,1374.5,Bank Transfer,PAY-0286,Analysis hit billion detail president pressure quality.,2025-04-17 00:35:59+00
287,131,500,2025-04-12,1865.31,Check,PAY-0287,,2025-04-12 19:05:13+00
288,335,126,2024-12-23,4960.15,Other,PAY-0288,,2024-12-23 07:19:24+00
289,92,495,2025-05-19,1596.43,Cash,PAY-0289,Think quite recent relationship his billion.,2025-05-19 04:05:19+00
290,754,491,2025-05-19,2733.5,Cash,PAY-0290,,2025-05-19 06:20:43+00
291,168,417,2025-03-28,295.2,Check,PAY-0291,Available help amount for single by of.,2025-03-28 12:48:47+00
292,123,253,2024-06-28,186.0,Other,PAY-0292,Before fear high very standard trade.,2024-06-28 13:42:15+00
293,220,229,2025-04-19,1064.34,Check,PAY-0293,Couple seem whole inside education.,2025-04-19 19:14:55+00
294,578,252,2025-04-26,80.86,Cash,PAY-0294,End sound level organization personal professor catch.,2025-04-26 18:18:47+00
295,164,276,2025-05-02,2349.92,Credit Card,PAY-0295,Customer senior significant five southern time family.,2025-05-02 10:09:05+00
296,642,151,2025-04-17,1574.66,Check,PAY-0296,,2025-04-17 14:47:17+00
297,785,454,2025-01-18,2476.1,Credit Card,PAY-0297,Participant range reduce strong quickly far.,2025-01-18 00:20:48+00
298,521,171,2025-04-14,46.9,Other,PAY-0298,,2025-04-14 09:39:20+00
299,186,371,2025-04-06,3261.08,Check,PAY-0299,,2025-04-06 03:50:28+00
300,542,194,2024-11-23,349.52,Credit Card,PAY-0300,,2024-11-23 13:57:52+00
301,954,221,2024-11-21,922.23,Credit Card,PAY-0301,,2024-11-21 00:19:08+00
302,329,213,2024-12-16,1471.69,Credit Card,PAY-0302,What old through follow.,2024-12-16 20:44:49+00
303,713,409,2024-08-12,459.04,Cash,PAY-0303,,2024-08-12 21:53:58+00
304,215,236,2025-03-28,42.42,Credit Card,PAY-0304,One industry collection attack never.,2025-03-28 05:01:05+00
305,97,480,2024-12-12,2500.15,Credit Card,PAY-0305,Public cultural star right investment serve.,2024-12-12 16:11:40+00
306,504,497,2025-01-17,3858.77,Check,PAY-0306,,2025-01-17 20:40:28+00
307,318,21,2024-07-18,314.98,Check,PAY-0307,Around eat most tough.,2024-07-18 11:39:49+00
308,741,387,2024-09-25,75.98,Bank Transfer,PAY-0308,Language couple shake shoulder appear.,2024-09-25 15:50:10+00
309,21,9,2024-12-24,563.97,Other,PAY-0309,Professor always son me particular.,2024-12-24 20:51:24+00
310,398,423,2024-09-30,513.71,Cash,PAY-0310,Recently middle kind before song sister.,2024-09-30 19:59:49+00
311,839,209,2025-04-30,731.78,Credit Card,PAY-0311,Right laugh certain name strong event oil.,2025-04-30 20:32:38+00
312,167,391,2025-05-10,1031.91,Other,PAY-0312,,2025-05-10 04:20:24+00
313,805,286,2025-01-24,1366.38,Credit Card,PAY-0313,,2025-01-24 02:17:54+00
314,78,133,2025-04-20,646.74,Bank Transfer,PAY-0314,Woman high common red contain.,2025-04-20 08:48:53+00
315,29,185,2024-10-22,1190.76,Credit Card,PAY-0315,Least without role anyone design speech.,2024-10-22 07:08:40+00
316,990,459,2025-03-19,514.16,Cash,PAY-0316,,2025-03-19 14:21:22+00
317,363,125,2025-02-19,1716.33,Cash,PAY-0317,Research billion after discussion another.,2025-02-19 11:00:53+00
318,4,234,2025-05-06,4654.45,Check,PAY-0318,Those what space task who play.,2025-05-06 17:09:56+00
319,831,463,2024-12-10,492.57,Check,PAY-0319,,2024-12-10 18:28:01+00
320,11,240,2025-05-23,3538.97,Credit Card,PAY-0320,,2025-05-23 13:32:40+00
321,184,63,2025-05-16,4096.53,Credit Card,PAY-0321,,2025-05-16 22:25:08+00
322,197,13,2025-03-03,84.94,Cash,PAY-0322,,2025-03-03 23:00:56+00
323,787,364,2025-03-14,2529.26,Other,PAY-0323,Hold cold some thank group weight trade modern.,2025-03-14 05:38:33+00
324,354,185,2024-07-22,529.59,Cash,PAY-0324,,2024-07-22 03:12:01+00
325,34,215,2024-12-12,41.54,Other,PAY-0325,,2024-12-12 19:46:59+00
326,994,389,2025-02-17,84.49,Check,PAY-0326,Road speak miss may know.,2025-02-17 17:09:18+00
327,298,11,2025-04-03,273.23,Bank Transfer,PAY-0327,Firm successful among others government high rate senior.,2025-04-03 13:02:01+00
328,483,322,2024-12-08,3981.55,Credit Card,PAY-0328,,2024-12-08 05:47:33+00
329,116,252,2024-11-16,795.48,Bank Transfer,PAY-0329,,2024-11-16 10:36:09+00
330,400,465,2025-02-05,4000.72,Bank Transfer,PAY-0330,Speech now free then manage apply.,2025-02-05 19:15:50+00
331,598,141,2025-01-28,3815.65,Check,PAY-0331,,2025-01-28 06:59:48+00
332,916,30,2025-04-19,1492.59,Other,PAY-0332,Me charge nearly out leave.,2025-04-19 10:37:46+00
333,478,261,2024-06-13,4036.72,Cash,PAY-0333,,2024-06-13 12:31:05+00
334,99,315,2025-04-05,1868.1,Other,PAY-0334,Serve bill trade find explain.,2025-04-05 02:50:46+00
335,753,226,2024-10-08,377.61,Check,PAY-0335,,2024-10-08 08:38:52+00
336,582,204,2025-02-21,291.1,Other,PAY-0336,,2025-02-21 10:04:53+00
337,594,28,2025-05-20,3732.55,Credit Card,PAY-0337,Size brother kid lead tough.,2025-05-20 18:40:03+00
338,785,454,2024-12-08,301.9,Bank Transfer,PAY-0338,,2024-12-08 23:11:19+00
339,876,299,2025-03-23,4391.98,Bank Transfer,PAY-0339,Budget better which since whom.,2025-03-23 02:07:47+00
340,396,105,2024-10-07,3141.58,Credit Card,PAY-0340,Spring president popular.,2024-10-07 21:09:36+00
341,204,386,2024-06-24,438.64,Cash,PAY-0341,Computer crime return I some avoid.,2024-06-24 05:38:13+00
342,347,64,2025-03-24,4135.99,Bank Transfer,PAY-0342,Always nor training action source need.,2025-03-24 23:00:58+00
343,694,114,2025-02-23,1162.84,Credit Card,PAY-0343,,2025-02-23 23:05:55+00
344,370,269,2025-03-03,3170.02,Check,PAY-0344,,2025-03-03 21:02:11+00
345,832,432,2025-05-02,514.5,Other,PAY-0345,Enjoy wall majority either paper only.,2025-05-02 18:34:31+00
346,914,331,2025-05-22,401.84,Cash,PAY-0346,Fall feeling heart.,2025-05-22 15:24:31+00
347,944,114,2025-01-20,2463.97,Check,PAY-0347,Explain source chair think.,2025-01-20 08:51:34+00
348,991,181,2025-04-24,798.9,Other,PAY-0348,Clear usually my stay article big evidence.,2025-04-24 00:52:03+00
349,173,470,2025-05-18,871.1,Check,PAY-0349,,2025-05-18 18:24:18+00
350,676,379,2025-01-09,3468.0,Credit Card,PAY-0350,,2025-01-09 14:04:28+00
351,677,211,2025-01-20,226.86,Check,PAY-0351,Though son cost size oil whatever themselves.,2025-01-20 02:50:34+00
352,945,423,2025-05-18,414.46,Cash,PAY-0352,,2025-05-18 23:10:39+00
353,991,181,2025-05-06,994.51,Bank Transfer,PAY-0353,Face second camera particular.,2025-05-06 10:18:02+00
354,672,466,2025-01-02,383.33,Bank Transfer,PAY-0354,,2025-01-02 19:26:52+00
355,63,212,2025-05-07,1868.72,Check,PAY-0355,Consumer you maintain camera allow among growth.,2025-05-07 00:56:33+00
356,241,281,2024-09-20,2486.51,Credit Card,PAY-0356,,2024-09-20 16:22:07+00
357,307,36,2025-02-07,2045.57,Cash,PAY-0357,Study fight small help remember throughout.,2025-02-07 19:48:17+00
358,266,72,2025-04-12,1822.57,Cash,PAY-0358,Toward college eye capital statement be customer.,2025-04-12 18:13:34+00
359,668,437,2025-04-07,4052.51,Credit Card,PAY-0359,Accept charge case seem.,2025-04-07 19:46:10+00
360,507,132,2025-04-07,97.89,Bank Transfer,PAY-0360,,2025-04-07 07:50:43+00
361,581,288,2024-12-29,1782.63,Credit Card,PAY-0361,Race sit hot hand daughter president account.,2024-12-29 00:53:42+00
362,158,437,2025-05-23,165.93,Cash,PAY-0362,Could gas too everything.,2025-05-23 04:29:30+00
363,581,288,2024-12-09,3477.62,Check,PAY-0363,,2024-12-09 23:38:47+00
364,666,31,2024-09-25,88.03,Bank Transfer,PAY-0364,Federal voice theory whose discussion where.,2024-09-25 10:01:35+00
365,775,169,2025-04-04,499.25,Credit Card,PAY-0365,Full understand though final next.,2025-04-04 15:15:18+00
366,802,124,2025-01-26,803.63,Cash,PAY-0366,Idea teacher cup find scene security.,2025-01-26 15:08:23+00
367,985,358,2025-03-23,517.27,Credit Card,PAY-0367,Kitchen box management be.,2025-03-23 07:12:55+00
368,322,404,2024-10-23,1111.88,Cash,PAY-0368,Ever will discover better natural improve other.,2024-10-23 08:38:41+00
369,430,371,2024-12-25,1136.22,Bank Transfer,PAY-0369,Perform window career country medical dark.,2024-12-25 02:27:55+00
370,137,177,2024-09-24,550.25,Cash,PAY-0370,,2024-09-24 10:21:37+00
371,522,459,2025-02-07,2607.25,Bank Transfer,PAY-0371,Yes school growth save authority quickly.,2025-02-07 12:47:06+00
372,759,256,2025-04-30,3164.05,Cash,PAY-0372,,2025-04-30 22:13:51+00
373,38,422,2024-10-16,4981.1,Bank Transfer,PAY-0373,Model medical along ground stage chair.,2024-10-16 12:36:48+00
374,366,484,2024-09-26,2735.48,Other,PAY-0374,Early travel environment half sing star campaign.,2024-09-26 14:37:22+00
375,558,258,2025-05-10,286.77,Other,PAY-0375,Congress assume player note life miss.,2025-05-10 13:19:23+00
376,698,94,2025-03-14,3488.96,Check,PAY-0376,Agreement upon treat space form.,2025-03-14 01:59:30+00
377,989,248,2024-11-01,38.06,Other,PAY-0377,,2024-11-01 05:32:01+00
378,377,216,2025-01-11,1302.68,Bank Transfer,PAY-0378,,2025-01-11 00:14:05+00
379,193,298,2025-01-24,3599.54,Check,PAY-0379,,2025-01-24 21:33:05+00
380,76,384,2025-03-09,331.47,Other,PAY-0380,,2025-03-09 16:56:07+00
381,209,397,2025-04-06,594.03,Cash,PAY-0381,Everyone mouth religious nation.,2025-04-06 20:58:24+00
382,877,186,2025-04-07,2959.74,Cash,PAY-0382,Left region question shoulder team another send.,2025-04-07 13:56:27+00
383,357,486,2024-12-15,253.68,Bank Transfer,PAY-0383,,2024-12-15 15:04:10+00
384,229,66,2024-06-16,1544.13,Credit Card,PAY-0384,Fact author why.,2024-06-16 00:20:26+00
385,172,498,2025-02-04,78.94,Check,PAY-0385,,2025-02-04 22:30:23+00
386,667,306,2024-11-12,3396.68,Bank Transfer,PAY-0386,Your share agreement work lead.,2024-11-12 15:59:23+00
387,553,35,2024-12-10,884.16,Check,PAY-0387,,2024-12-10 13:13:28+00
388,327,394,2024-10-26,224.64,Bank Transfer,PAY-0388,Office happy parent send.,2024-10-26 22:33:33+00
389,394,400,2025-04-09,305.38,Other,PAY-0389,,2025-04-09 04:54:30+00
390,454,25,2025-01-05,1247.53,Check,PAY-0390,Story president outside affect structure.,2025-01-05 03:32:07+00
391,980,272,2024-10-28,3825.62,Credit Card,PAY-0391,,2024-10-28 09:04:44+00
392,498,314,2025-05-09,1298.66,Bank Transfer,PAY-0392,,2025-05-09 09:04:28+00
393,227,440,2025-05-16,705.83,Other,PAY-0393,Yeah act wish least plan high group.,2025-05-16 03:06:28+00
394,856,114,2025-05-13,619.05,Credit Card,PAY-0394,,2025-05-13 08:51:46+00
395,351,19,2025-03-17,660.85,Credit Card,PAY-0395,Everybody travel available whatever against.,2025-03-17 20:25:20+00
396,359,185,2025-05-15,4555.71,Cash,PAY-0396,,2025-05-15 16:44:24+00
397,666,31,2025-03-31,349.54,Other,PAY-0397,,2025-03-31 05:24:59+00
398,320,233,2025-02-22,2190.39,Credit Card,PAY-0398,,2025-02-22 19:51:18+00
399,397,106,2025-02-19,86.76,Credit Card,PAY-0399,Clearly perhaps find what.,2025-02-19 13:21:17+00
400,575,250,2025-04-01,339.85,Other,PAY-0400,,2025-04-01 00:59:29+00
401,436,97,2025-02-18,679.93,Bank Transfer,PAY-0401,You him should rich.,2025-02-18 00:00:36+00
402,672,466,2025-02-27,352.36,Other,PAY-0402,Perhaps past example response look never.,2025-02-27 22:55:22+00
403,269,419,2024-08-08,1126.06,Other,PAY-0403,,2024-08-08 03:33:22+00
404,857,277,2025-01-07,3912.83,Other,PAY-0404,Bill soldier memory knowledge performance.,2025-01-07 08:20:46+00
405,269,419,2024-11-07,383.77,Check,PAY-0405,Room concern activity example safe speak most.,2024-11-07 01:41:51+00
406,531,438,2025-03-07,1299.73,Check,PAY-0406,Save point range face.,2025-03-07 22:35:27+00
407,923,371,2024-12-17,1208.34,Credit Card,PAY-0407,Pick sister dinner authority.,2024-12-17 01:17:35+00
408,156,10,2024-10-10,1532.91,Bank Transfer,PAY-0408,,2024-10-10 03:13:16+00
409,902,265,2025-04-08,3462.1,Check,PAY-0409,,2025-04-08 06:16:21+00
410,508,258,2025-03-09,2027.74,Cash,PAY-0410,Consider work final prove catch stage smile month.,2025-03-09 21:03:14+00
411,112,41,2024-12-22,419.69,Check,PAY-0411,,2024-12-22 15:50:57+00
412,162,299,2025-02-28,93.81,Other,PAY-0412,,2025-02-28 04:57:42+00
413,933,288,2025-02-28,578.92,Credit Card,PAY-0413,Ground science difficult help rise.,2025-02-28 05:36:48+00
414,95,101,2025-05-05,3437.71,Credit Card,PAY-0414,,2025-05-05 05:01:05+00
415,779,499,2025-02-12,146.7,Check,PAY-0415,,2025-02-12 23:04:32+00
416,450,81,2025-02-14,644.82,Cash,PAY-0416,,2025-02-14 15:00:24+00
417,304,184,2025-04-30,86.78,Cash,PAY-0417,Let run only public lead.,2025-04-30 23:29:18+00
418,486,494,2025-04-04,935.04,Cash,PAY-0418,,2025-04-04 17:44:26+00
419,534,387,2025-05-15,808.86,Other,PAY-0419,System defense leader board mouth.,2025-05-15 19:14:14+00
420,179,389,2024-09-24,608.45,Credit Card,PAY-0420,Pressure threat speak though board task grow.,2024-09-24 12:28:39+00
421,842,117,2025-02-16,4589.47,Other,PAY-0421,Another real college song particularly role property.,2025-02-16 06:52:32+00
422,365,385,2025-04-26,3831.82,Other,PAY-0422,Teach relate program social important drive.,2025-04-26 06:49:08+00
423,448,168,2025-05-13,4778.59,Credit Card,PAY-0423,,2025-05-13 07:55:33+00
424,905,321,2025-05-18,745.2,Other,PAY-0424,,2025-05-18 22:11:02+00
425,343,276,2025-01-16,4543.71,Bank Transfer,PAY-0425,News trouble perform wear center name.,2025-01-16 06:38:33+00
426,882,109,2024-12-17,1727.12,Credit Card,PAY-0426,,2024-12-17 02:45:59+00
427,690,354,2025-04-20,1814.91,Cash,PAY-0427,,2025-04-20 03:19:31+00
428,258,430,2025-04-01,3824.57,Bank Transfer,PAY-0428,,2025-04-01 07:56:29+00
429,35,223,2025-05-13,1782.41,Other,PAY-0429,,2025-05-13 15:33:11+00
430,446,399,2025-02-03,435.5,Bank Transfer,PAY-0430,Including visit chance sound.,2025-02-03 14:38:27+00
431,177,284,2024-08-12,4349.95,Bank Transfer,PAY-0431,,2024-08-12 09:55:57+00
432,579,347,2025-04-18,846.8,Other,PAY-0432,Open daughter actually whatever join.,2025-04-18 12:14:46+00
433,186,371,2024-10-03,1490.61,Check,PAY-0433,,2024-10-03 03:37:28+00
434,642,151,2025-05-22,413.95,Cash,PAY-0434,,2025-05-22 14:34:27+00
435,16,208,2025-03-31,658.33,Bank Transfer,PAY-0435,Head single again yeah.,2025-03-31 01:43:57+00
436,444,60,2025-05-15,3957.31,Check,PAY-0436,Front share reach lot build.,2025-05-15 12:04:56+00
437,948,72,2024-12-26,4598.74,Cash,PAY-0437,Wait service know happen.,2024-12-26 17:01:56+00
438,869,474,2024-11-05,552.73,Cash,PAY-0438,Mention why second late.,2024-11-05 16:31:22+00
439,952,480,2024-10-14,1929.95,Bank Transfer,PAY-0439,,2024-10-14 15:04:06+00
440,563,487,2025-02-01,462.01,Bank Transfer,PAY-0440,,2025-02-01 00:54:07+00
441,13,350,2025-05-01,2536.28,Cash,PAY-0441,Able first door contain establish me for choice.,2025-05-01 18:47:39+00
442,633,441,2025-05-04,4550.81,Cash,PAY-0442,,2025-05-04 23:25:36+00
443,209,397,2025-04-07,940.16,Cash,PAY-0443,,2025-04-07 20:23:45+00
444,622,145,2025-04-29,2052.57,Check,PAY-0444,Network first stuff off popular.,2025-04-29 15:13:15+00
445,221,327,2025-03-20,562.75,Credit Card,PAY-0445,Region sure agreement.,2025-03-20 13:29:19+00
446,899,61,2025-03-27,166.88,Cash,PAY-0446,Character leg every fight upon.,2025-03-27 20:17:46+00
447,94,405,2025-05-21,422.62,Bank Transfer,PAY-0447,,2025-05-21 03:37:10+00
448,647,163,2025-05-14,1549.12,Bank Transfer,PAY-0448,Generation rich amount dream share.,2025-05-14 19:44:08+00
449,871,40,2025-05-05,4802.6,Cash,PAY-0449,Sell young collection.,2025-05-05 04:18:16+00
450,310,465,2025-03-10,2298.92,Bank Transfer,PAY-0450,,2025-03-10 15:40:18+00
451,229,66,2025-03-11,560.02,Bank Transfer,PAY-0451,,2025-03-11 09:23:49+00
452,361,215,2025-03-26,3543.1,Bank Transfer,PAY-0452,Onto point indeed should task prepare explain.,2025-03-26 02:58:49+00
453,845,52,2025-02-02,3701.34,Other,PAY-0453,Poor actually subject maintain knowledge forward.,2025-02-02 08:54:00+00
454,988,136,2025-03-22,1694.92,Other,PAY-0454,Bit weight size anyone owner.,2025-03-22 07:24:24+00
455,965,422,2024-09-27,2000.07,Check,PAY-0455,,2024-09-27 09:56:31+00
456,942,343,2025-03-30,665.79,Credit Card,PAY-0456,Act note travel wrong.,2025-03-30 16:43:26+00
457,69,109,2025-03-25,1632.61,Cash,PAY-0457,,2025-03-25 07:46:55+00
458,30,211,2025-04-13,2501.85,Other,PAY-0458,Difference sort early necessary able local fire real.,2025-04-13 22:47:13+00
459,260,339,2025-05-10,365.03,Check,PAY-0459,,2025-05-10 06:55:53+00
460,785,454,2024-11-20,124.7,Cash,PAY-0460,,2024-11-20 23:35:16+00
461,186,371,2024-07-31,3069.96,Bank Transfer,PAY-0461,Several scene firm fly protect.,2024-07-31 20:14:53+00
462,375,68,2024-10-27,212.1,Credit Card,PAY-0462,Discuss us weight either good party.,2024-10-27 15:03:23+00
463,484,296,2025-04-22,188.99,Check,PAY-0463,,2025-04-22 02:28:05+00
464,213,64,2025-05-15,2324.84,Credit Card,PAY-0464,,2025-05-15 01:28:30+00
465,856,114,2025-04-01,68.83,Cash,PAY-0465,,2025-04-01 15:05:16+00
466,142,188,2025-05-16,2710.3,Cash,PAY-0466,,2025-05-16 18:52:13+00
467,861,40,2024-11-14,134.87,Other,PAY-0467,Much those relationship among kitchen.,2024-11-14 00:14:00+00
468,35,223,2025-05-21,289.6,Credit Card,PAY-0468,,2025-05-21 23:39:16+00
469,509,350,2025-01-01,1275.82,Bank Transfer,PAY-0469,Least tree song social hotel stand seem.,2025-01-01 02:41:31+00
470,643,488,2025-05-17,204.3,Credit Card,PAY-0470,Similar stop still and.,2025-05-17 20:07:38+00
471,100,362,2025-04-15,574.2,Credit Card,PAY-0471,Policy give clearly reality statement.,2025-04-15 12:41:44+00
472,501,319,2025-04-11,4275.29,Check,PAY-0472,Themselves still sort why religious get play.,2025-04-11 22:45:30+00
473,685,197,2025-04-11,2318.32,Other,PAY-0473,Business it partner protect require us successful.,2025-04-11 10:52:47+00
474,953,192,2025-04-07,686.29,Cash,PAY-0474,,2025-04-07 16:14:29+00
475,352,100,2025-04-06,337.6,Credit Card,PAY-0475,,2025-04-06 00:19:29+00
476,25,257,2025-05-15,580.41,Check,PAY-0476,Toward within building miss happy.,2025-05-15 21:37:21+00
477,886,248,2024-11-13,804.63,Cash,PAY-0477,,2024-11-13 19:43:43+00
478,410,455,2025-05-06,2516.8,Other,PAY-0478,Operation yard six rate education tend.,2025-05-06 08:19:35+00
479,250,334,2025-04-24,71.3,Check,PAY-0479,Buy central stuff particular message this.,2025-04-24 09:57:57+00
480,159,134,2024-12-08,4476.28,Other,PAY-0480,,2024-12-08 12:17:28+00
481,109,273,2025-02-17,1121.09,Check,PAY-0481,Wrong dog realize decade her officer.,2025-02-17 09:56:32+00
482,887,112,2025-03-03,58.59,Credit Card,PAY-0482,,2025-03-03 08:18:25+00
483,109,273,2025-02-22,899.3,Credit Card,PAY-0483,Surface compare though successful recent.,2025-02-22 08:31:46+00
484,235,33,2025-05-20,2343.09,Bank Transfer,PAY-0484,Stop court father before provide key.,2025-05-20 13:35:17+00
485,850,411,2025-02-13,624.97,Bank Transfer,PAY-0485,Quite begin Congress reason include anything ago.,2025-02-13 10:06:52+00
486,714,472,2024-08-21,4161.51,Cash,PAY-0486,Better agency standard some face tax.,2024-08-21 15:38:02+00
487,796,211,2024-11-17,1116.59,Cash,PAY-0487,,2024-11-17 07:52:29+00
488,540,209,2025-04-13,177.57,Bank Transfer,PAY-0488,,2025-04-13 01:03:20+00
489,609,205,2025-05-16,3314.64,Cash,PAY-0489,Develop government much reality fund another.,2025-05-16 21:51:17+00
490,350,68,2025-04-11,98.46,Cash,PAY-0490,,2025-04-11 22:23:22+00
491,765,33,2024-12-04,929.59,Bank Transfer,PAY-0491,Create character view worker single.,2024-12-04 00:53:03+00
492,858,387,2025-05-18,79.07,Other,PAY-0492,One since receive stand.,2025-05-18 03:16:38+00
493,344,415,2025-02-19,452.13,Credit Card,PAY-0493,,2025-02-19 18:11:10+00
494,544,204,2024-12-28,4041.07,Credit Card,PAY-0494,,2024-12-28 16:32:30+00
495,43,417,2025-03-11,1270.16,Bank Transfer,PAY-0495,Entire likely husband all often begin north.,2025-03-11 01:06:41+00
496,322,404,2025-04-20,2468.37,Credit Card,PAY-0496,Whom news conference your talk.,2025-04-20 11:48:29+00
497,232,417,2025-05-22,117.73,Credit Card,PAY-0497,,2025-05-22 19:10:58+00
498,99,315,2025-02-19,1560.59,Other,PAY-0498,,2025-02-19 05:56:03+00
499,41,272,2025-05-12,136.38,Other,PAY-0499,,2025-05-12 12:20:26+00
500,547,246,2025-04-01,2274.04,Bank Transfer,PAY-0500,South appear official prepare.,2025-04-01 21:56:53+00
501,864,444,2025-03-10,3625.57,Credit Card,PAY-0501,City executive picture hotel.,2025-03-10 09:56:24+00
502,349,291,2025-03-15,125.77,Other,PAY-0502,Student decision cultural religious.,2025-03-15 00:10:14+00
503,577,300,2025-05-15,85.02,Credit Card,PAY-0503,,2025-05-15 01:27:44+00
504,124,68,2025-03-21,1752.4,Credit Card,PAY-0504,,2025-03-21 08:03:09+00
505,759,256,2025-05-23,62.72,Other,PAY-0505,,2025-05-23 01:11:22+00
506,110,210,2025-04-28,3174.41,Check,PAY-0506,Reason how lot only spring voice.,2025-04-28 12:54:40+00
507,216,170,2024-09-19,3379.5,Other,PAY-0507,,2024-09-19 09:31:35+00
508,737,204,2024-12-21,2880.26,Cash,PAY-0508,Investment under character admit.,2024-12-21 09:02:06+00
509,695,461,2025-04-28,1540.76,Bank Transfer,PAY-0509,House first east light choice.,2025-04-28 09:23:21+00
510,300,95,2025-04-18,214.46,Other,PAY-0510,Kind Mr look easy although produce.,2025-04-18 07:02:29+00
511,477,487,2025-04-30,884.4,Bank Transfer,PAY-0511,Room accept wall bit up case.,2025-04-30 06:31:32+00
512,799,1,2025-03-22,2262.44,Other,PAY-0512,Between couple write occur economy face.,2025-03-22 03:13:32+00
513,216,170,2025-04-30,1661.92,Cash,PAY-0513,,2025-04-30 12:10:51+00
514,133,292,2025-02-16,2263.3,Credit Card,PAY-0514,Order month produce arrive bank compare ability.,2025-02-16 16:34:33+00
515,770,177,2025-02-21,241.23,Other,PAY-0515,Popular chance three draw use central apply face.,2025-02-21 08:25:52+00
516,115,40,2024-12-26,151.95,Check,PAY-0516,,2024-12-26 12:38:28+00
517,81,56,2025-04-21,1470.94,Other,PAY-0517,Eat leader enter student mouth new.,2025-04-21 03:07:01+00
518,918,133,2024-07-08,3358.92,Other,PAY-0518,Herself without standard audience.,2024-07-08 23:53:21+00
519,505,146,2025-03-24,3229.4,Credit Card,PAY-0519,Peace real network concern increase red.,2025-03-24 13:58:39+00
520,811,299,2024-07-30,148.68,Check,PAY-0520,,2024-07-30 01:48:42+00
521,218,58,2025-05-15,2105.24,Bank Transfer,PAY-0521,,2025-05-15 22:53:56+00
522,112,41,2025-03-18,2110.01,Credit Card,PAY-0522,,2025-03-18 23:39:42+00
523,348,447,2025-04-30,1840.19,Other,PAY-0523,Teacher skin different expect agency task soon.,2025-04-30 19:30:25+00
524,309,59,2025-05-11,2503.14,Bank Transfer,PAY-0524,Memory sing number anyone light away cup.,2025-05-11 05:14:11+00
525,116,252,2024-10-09,1983.88,Bank Transfer,PAY-0525,,2024-10-09 04:08:31+00
526,49,58,2025-02-26,493.88,Credit Card,PAY-0526,,2025-02-26 21:14:11+00
527,965,422,2025-03-24,1591.03,Credit Card,PAY-0527,Natural suddenly fall less each.,2025-03-24 14:00:32+00
528,99,315,2025-04-25,1463.8,Check,PAY-0528,City small best another factor such relationship.,2025-04-25 11:59:40+00
529,345,89,2025-03-18,248.22,Other,PAY-0529,Travel those maintain for.,2025-03-18 18:01:54+00
530,394,400,2025-02-10,2806.38,Cash,PAY-0530,,2025-02-10 14:25:49+00
531,201,223,2024-10-04,219.27,Check,PAY-0531,Hot same example reason write.,2024-10-04 19:48:59+00
532,774,311,2024-08-21,1827.22,Cash,PAY-0532,Year real situation prove help more administration.,2024-08-21 22:21:41+00
533,419,57,2024-12-04,4997.52,Bank Transfer,PAY-0533,More nature authority side grow security if.,2024-12-04 01:08:15+00
534,885,260,2025-05-15,3810.18,Check,PAY-0534,,2025-05-15 00:10:03+00
535,474,433,2025-04-14,1784.55,Check,PAY-0535,Small every under four respond good training.,2025-04-14 13:38:09+00
536,619,34,2025-01-31,126.03,Cash,PAY-0536,,2025-01-31 14:41:07+00
537,505,146,2025-04-26,588.39,Other,PAY-0537,,2025-04-26 07:55:26+00
538,133,292,2025-03-10,367.61,Credit Card,PAY-0538,Than west television score source.,2025-03-10 19:16:52+00
539,614,337,2025-05-15,307.15,Check,PAY-0539,Gas know past likely officer develop.,2025-05-15 20:08:46+00
540,760,417,2025-04-16,755.99,Check,PAY-0540,,2025-04-16 11:31:28+00
541,796,211,2025-04-22,1224.78,Bank Transfer,PAY-0541,,2025-04-22 02:05:04+00
542,465,167,2025-05-14,658.35,Credit Card,PAY-0542,,2025-05-14 08:43:35+00
543,436,97,2025-05-01,46.4,Cash,PAY-0543,,2025-05-01 22:46:17+00
544,77,94,2025-05-19,1730.69,Credit Card,PAY-0544,,2025-05-19 12:38:35+00
545,503,470,2025-03-06,2637.97,Credit Card,PAY-0545,,2025-03-06 00:11:57+00
546,442,435,2025-03-29,444.05,Check,PAY-0546,Interview fast court store entire offer.,2025-03-29 15:59:04+00
547,954,221,2025-01-09,44.29,Bank Transfer,PAY-0547,Budget operation name show.,2025-01-09 11:41:28+00
548,526,317,2025-05-05,822.95,Bank Transfer,PAY-0548,Power act station sort.,2025-05-05 05:53:33+00
549,723,351,2025-05-03,650.38,Bank Transfer,PAY-0549,American practice take different.,2025-05-03 22:29:35+00
550,534,387,2025-01-01,51.86,Cash,PAY-0550,,2025-01-01 00:17:40+00
551,598,141,2024-09-11,687.66,Cash,PAY-0551,,2024-09-11 18:30:27+00
552,123,253,2024-11-12,179.8,Bank Transfer,PAY-0552,,2024-11-12 10:45:25+00
553,110,210,2025-04-09,2843.8,Other,PAY-0553,,2025-04-09 17:16:49+00
554,455,52,2025-05-10,1101.75,Bank Transfer,PAY-0554,Cold half large out.,2025-05-10 07:40:10+00
555,177,284,2025-01-22,2931.17,Credit Card,PAY-0555,Majority laugh tell.,2025-01-22 12:06:04+00
556,132,181,2025-05-08,137.08,Other,PAY-0556,,2025-05-08 16:48:04+00
557,202,353,2025-04-16,4460.99,Bank Transfer,PAY-0557,,2025-04-16 00:41:38+00
558,469,228,2024-11-26,2037.17,Bank Transfer,PAY-0558,Could research let kitchen reflect seek national.,2024-11-26 09:55:09+00
559,122,246,2025-05-16,227.05,Credit Card,PAY-0559,,2025-05-16 21:44:16+00
560,335,126,2025-02-12,133.21,Bank Transfer,PAY-0560,Per drive rate director.,2025-02-12 05:03:04+00
561,10,124,2025-03-22,324.29,Credit Card,PAY-0561,Them indicate first.,2025-03-22 07:48:34+00
562,453,32,2025-04-22,3143.32,Credit Card,PAY-0562,,2025-04-22 10:33:50+00
563,137,177,2025-02-28,69.4,Other,PAY-0563,,2025-02-28 21:35:10+00
564,532,312,2025-05-05,2333.84,Check,PAY-0564,Conference save follow.,2025-05-05 20:03:45+00
565,701,273,2024-11-11,4233.63,Bank Transfer,PAY-0565,,2024-11-11 01:05:28+00
566,115,40,2025-03-05,414.08,Check,PAY-0566,,2025-03-05 12:25:15+00
567,204,386,2024-08-06,1201.28,Credit Card,PAY-0567,Walk training else audience several.,2024-08-06 22:08:21+00
568,148,124,2025-03-05,2763.24,Bank Transfer,PAY-0568,,2025-03-05 05:18:39+00
569,892,495,2024-11-19,587.7,Cash,PAY-0569,Realize enough heavy attention.,2024-11-19 21:26:03+00
570,52,496,2025-05-18,1757.18,Bank Transfer,PAY-0570,,2025-05-18 19:19:07+00
571,408,357,2024-10-30,2288.55,Check,PAY-0571,Personal me environmental.,2024-10-30 01:55:50+00
572,486,494,2025-02-14,1496.59,Bank Transfer,PAY-0572,,2025-02-14 07:04:16+00
573,806,66,2025-02-17,4240.31,Other,PAY-0573,,2025-02-17 08:33:13+00
574,100,362,2025-01-27,1982.07,Cash,PAY-0574,Collection citizen indeed of hot leader.,2025-01-27 04:54:37+00
575,93,345,2025-03-12,2921.38,Cash,PAY-0575,,2025-03-12 14:58:16+00
576,474,433,2024-11-27,249.03,Cash,PAY-0576,Whatever interview democratic grow bill ask.,2024-11-27 17:19:25+00
577,26,98,2025-02-23,237.59,Credit Card,PAY-0577,,2025-02-23 11:30:09+00
578,772,430,2025-01-23,1740.54,Cash,PAY-0578,,2025-01-23 23:14:50+00
579,923,371,2024-10-31,3316.17,Bank Transfer,PAY-0579,Simple education cause time stay in.,2024-10-31 10:34:24+00
580,250,334,2025-04-24,67.9,Credit Card,PAY-0580,,2025-04-24 17:40:25+00
581,220,229,2025-05-18,79.02,Cash,PAY-0581,Sell special simple lawyer chance two.,2025-05-18 05:45:00+00
582,548,297,2025-05-06,1000.66,Check,PAY-0582,Degree say clear message value.,2025-05-06 16:44:43+00
583,288,456,2025-05-15,4262.06,Check,PAY-0583,,2025-05-15 05:59:16+00
584,620,148,2025-04-22,119.07,Other,PAY-0584,,2025-04-22 13:47:09+00
585,733,480,2024-12-19,269.97,Other,PAY-0585,Executive firm include site degree coach.,2024-12-19 09:46:33+00
586,165,499,2025-01-10,856.81,Check,PAY-0586,,2025-01-10 21:17:02+00
587,971,125,2025-05-19,1438.91,Bank Transfer,PAY-0587,,2025-05-19 04:50:16+00
588,954,221,2024-10-21,24.2,Credit Card,PAY-0588,,2024-10-21 01:56:25+00
589,176,445,2025-03-05,3116.96,Cash,PAY-0589,,2025-03-05 21:52:14+00
590,5,387,2025-05-01,2700.0,Bank Transfer,PAY-0590,Field land about dog carry foreign during.,2025-05-01 14:35:27+00
591,924,94,2024-12-30,721.32,Cash,PAY-0591,Old me suggest action say thought.,2024-12-30 05:01:29+00
592,697,226,2025-02-28,2665.84,Credit Card,PAY-0592,,2025-02-28 11:23:20+00
593,327,394,2025-05-20,1096.48,Bank Transfer,PAY-0593,Force fire movie scene collection.,2025-05-20 20:06:09+00
594,94,405,2025-05-24,1573.1,Cash,PAY-0594,,2025-05-24 15:37:05+00
595,493,346,2025-05-20,3688.97,Credit Card,PAY-0595,Although special appear hair garden seven.,2025-05-20 02:05:25+00
596,933,288,2025-03-30,2987.53,Other,PAY-0596,Key mention goal rock law.,2025-03-30 07:00:10+00
597,894,310,2025-05-02,1596.68,Other,PAY-0597,Decade conference well indeed soon carry suggest.,2025-05-02 07:30:07+00
598,255,386,2025-02-11,3138.41,Credit Card,PAY-0598,,2025-02-11 20:28:54+00
599,65,370,2025-03-04,1152.61,Other,PAY-0599,Process building action.,2025-03-04 15:28:27+00
600,487,354,2024-11-06,687.81,Bank Transfer,PAY-0600,Away sister reason relate whom space player.,2024-11-06 08:58:30+00
601,964,136,2025-04-21,931.93,Bank Transfer,PAY-0601,Share determine explain have grow seek.,2025-04-21 00:40:29+00
602,912,437,2025-03-17,613.58,Credit Card,PAY-0602,Education baby speak recognize Mrs.,2025-03-17 21:02:57+00
603,957,416,2025-03-31,1697.24,Check,PAY-0603,Reason move fall wish clearly piece where.,2025-03-31 19:13:42+00
604,287,146,2025-03-10,3300.1,Other,PAY-0604,,2025-03-10 19:44:13+00
605,401,304,2025-05-07,915.89,Check,PAY-0605,Work money general site painting public medical.,2025-05-07 17:30:05+00
606,434,282,2025-04-24,3143.88,Credit Card,PAY-0606,Site all summer space with.,2025-04-24 01:31:18+00
607,736,368,2025-02-06,1063.86,Check,PAY-0607,,2025-02-06 18:00:04+00
608,893,172,2025-04-14,4211.75,Credit Card,PAY-0608,,2025-04-14 15:25:18+00
609,633,441,2025-01-23,168.72,Bank Transfer,PAY-0609,Wide check seek key about some.,2025-01-23 10:05:09+00
610,120,124,2024-09-10,4.77,Bank Transfer,PAY-0610,Garden end court consumer.,2024-09-10 13:10:36+00
611,970,433,2025-04-12,1609.68,Check,PAY-0611,Response whole cup peace.,2025-04-12 13:09:24+00
612,461,13,2025-05-21,2060.0,Bank Transfer,PAY-0612,Response citizen must model.,2025-05-21 22:47:33+00
613,945,423,2025-05-11,281.32,Bank Transfer,PAY-0613,Fine factor health receive.,2025-05-11 14:46:21+00
614,476,171,2024-11-04,2578.72,Credit Card,PAY-0614,May grow wonder community adult degree.,2024-11-04 14:18:13+00
615,117,395,2025-03-15,1982.05,Bank Transfer,PAY-0615,,2025-03-15 01:03:35+00
616,546,331,2025-04-20,1706.94,Credit Card,PAY-0616,Media nearly line point hope door.,2025-04-20 23:25:22+00
617,422,76,2025-03-05,3800.2,Credit Card,PAY-0617,Try hear home participant rather course life.,2025-03-05 09:50:36+00
618,674,401,2025-03-13,1210.28,Check,PAY-0618,Thus inside whether night.,2025-03-13 02:15:51+00
619,927,292,2025-02-15,268.69,Cash,PAY-0619,Claim never other ever.,2025-02-15 08:43:57+00
620,942,343,2025-05-12,80.38,Bank Transfer,PAY-0620,Positive evidence position why condition face.,2025-05-12 03:58:26+00
621,927,292,2025-02-24,319.26,Bank Transfer,PAY-0621,Best check ask force every personal.,2025-02-24 19:41:28+00
622,33,154,2025-03-18,266.86,Bank Transfer,PAY-0622,Thus listen score ready consider story like.,2025-03-18 06:26:35+00
623,72,20,2025-05-07,1578.36,Other,PAY-0623,,2025-05-07 18:46:30+00
624,620,148,2025-03-21,71.34,Bank Transfer,PAY-0624,Before radio threat great toward public a phone.,2025-03-21 01:21:18+00
625,263,331,2025-03-29,1532.0,Credit Card,PAY-0625,Television point total read either.,2025-03-29 10:06:02+00
626,743,257,2025-05-14,2272.25,Cash,PAY-0626,Goal wear good fly kind decide economy writer.,2025-05-14 18:15:37+00
627,578,252,2024-12-11,48.69,Credit Card,PAY-0627,Occur idea despite account drive.,2024-12-11 16:58:11+00
628,400,465,2025-01-29,1521.82,Credit Card,PAY-0628,Woman too stay.,2025-01-29 22:32:26+00
629,800,432,2025-04-22,899.95,Cash,PAY-0629,,2025-04-22 05:04:06+00
630,419,57,2025-01-14,224.27,Bank Transfer,PAY-0630,,2025-01-14 00:57:32+00
631,333,178,2025-05-17,153.77,Other,PAY-0631,,2025-05-17 11:59:09+00
632,748,372,2025-05-24,878.71,Other,PAY-0632,Raise game whole data close discuss ok.,2025-05-24 03:40:34+00
633,410,455,2025-04-17,1197.51,Cash,PAY-0633,,2025-04-17 19:32:14+00
634,765,33,2024-11-02,236.05,Other,PAY-0634,,2024-11-02 05:04:20+00
635,378,378,2024-10-30,1017.67,Check,PAY-0635,,2024-10-30 17:00:05+00
636,391,344,2025-05-09,4418.87,Check,PAY-0636,,2025-05-09 07:02:42+00
637,747,154,2024-11-06,95.63,Cash,PAY-0637,Huge side pattern story.,2024-11-06 19:20:38+00
638,248,413,2025-05-21,517.32,Bank Transfer,PAY-0638,,2025-05-21 05:11:03+00
639,157,369,2025-02-16,345.69,Check,PAY-0639,,2025-02-16 18:26:22+00
640,342,188,2025-04-19,2045.36,Bank Transfer,PAY-0640,,2025-04-19 17:58:04+00
641,954,221,2025-03-02,43.42,Cash,PAY-0641,Hard film student stuff century science cup.,2025-03-02 12:57:15+00
642,98,467,2024-06-24,415.18,Check,PAY-0642,,2024-06-24 13:09:39+00
643,124,68,2025-03-25,1661.84,Credit Card,PAY-0643,Seven style poor western.,2025-03-25 11:43:01+00
644,920,13,2024-12-11,63.67,Cash,PAY-0644,,2024-12-11 04:21:15+00
645,980,272,2025-01-30,2296.38,Check,PAY-0645,,2025-01-30 03:39:05+00
646,613,335,2024-11-05,251.3,Bank Transfer,PAY-0646,Director growth avoid fine personal cell.,2024-11-05 17:21:59+00
647,449,274,2025-04-29,4069.9,Bank Transfer,PAY-0647,Avoid information computer able turn read.,2025-04-29 16:21:38+00
648,970,433,2025-03-25,882.75,Credit Card,PAY-0648,Media others water class every force wind.,2025-03-25 19:57:43+00
649,540,209,2025-05-03,3675.34,Credit Card,PAY-0649,Risk program no.,2025-05-03 02:21:14+00
650,793,278,2025-05-01,274.31,Cash,PAY-0650,Employee thus serious try.,2025-05-01 13:45:04+00
651,497,42,2025-05-03,704.0,Other,PAY-0651,Certain point else them.,2025-05-03 16:05:43+00
652,59,105,2025-05-10,1616.73,Other,PAY-0652,,2025-05-10 08:49:57+00
653,352,100,2025-03-06,1316.8,Credit Card,PAY-0653,Pattern us bed.,2025-03-06 04:31:47+00
654,303,20,2025-04-06,246.35,Credit Card,PAY-0654,,2025-04-06 10:27:56+00
655,250,334,2025-05-20,39.55,Credit Card,PAY-0655,Past evidence hope finish.,2025-05-20 15:51:08+00
656,458,118,2025-02-11,173.19,Bank Transfer,PAY-0656,,2025-02-11 17:38:03+00
657,76,384,2025-03-18,129.97,Other,PAY-0657,,2025-03-18 06:32:54+00
658,11,240,2025-05-22,400.95,Other,PAY-0658,,2025-05-22 22:41:53+00
659,686,9,2024-11-12,521.51,Bank Transfer,PAY-0659,Risk but figure ground both.,2024-11-12 02:08:57+00
660,908,3,2025-03-02,810.39,Check,PAY-0660,,2025-03-02 15:59:54+00
661,322,404,2024-10-25,453.26,Cash,PAY-0661,,2024-10-25 02:15:41+00
662,405,219,2025-03-30,125.92,Check,PAY-0662,,2025-03-30 01:52:38+00
663,232,417,2025-05-09,946.65,Bank Transfer,PAY-0663,,2025-05-09 15:11:33+00
664,847,278,2025-04-06,2085.56,Credit Card,PAY-0664,Inside particular left sister assume.,2025-04-06 07:10:22+00
665,323,315,2025-05-03,4364.44,Check,PAY-0665,,2025-05-03 06:17:48+00
666,92,495,2025-02-28,4908.9,Credit Card,PAY-0666,,2025-02-28 14:05:12+00
667,691,116,2024-09-23,2327.02,Cash,PAY-0667,,2024-09-23 15:41:51+00
668,681,43,2024-09-10,373.18,Other,PAY-0668,For experience reach run than respond next.,2024-09-10 14:15:04+00
669,845,52,2025-03-05,1922.72,Credit Card,PAY-0669,,2025-03-05 05:41:57+00
670,918,133,2025-02-16,622.9,Bank Transfer,PAY-0670,Part industry push job serious argue site.,2025-02-16 05:25:49+00
671,721,194,2024-12-15,2426.79,Bank Transfer,PAY-0671,,2024-12-15 23:56:55+00
672,934,499,2024-10-14,917.06,Check,PAY-0672,,2024-10-14 16:51:02+00
673,537,146,2024-12-12,474.63,Credit Card,PAY-0673,Image much eat community message base fall ask.,2024-12-12 15:06:09+00
674,306,2,2024-08-13,869.64,Other,PAY-0674,,2024-08-13 00:18:39+00
675,467,374,2024-11-05,3257.85,Other,PAY-0675,,2024-11-05 16:20:44+00
676,801,278,2025-02-15,4252.29,Other,PAY-0676,Address wear project section stuff.,2025-02-15 17:01:04+00
677,164,276,2025-01-04,3321.35,Cash,PAY-0677,Eye animal set cup artist just.,2025-01-04 10:51:05+00
678,422,76,2025-02-02,1213.47,Check,PAY-0678,,2025-02-02 12:19:27+00
679,678,365,2025-04-23,4830.59,Check,PAY-0679,Degree agreement describe summer.,2025-04-23 01:33:50+00
680,335,126,2024-09-20,1368.34,Other,PAY-0680,Blue five artist lay how forward able.,2024-09-20 06:08:45+00
681,684,96,2025-02-01,3886.94,Bank Transfer,PAY-0681,Movie effort cut consider.,2025-02-01 17:16:01+00
682,110,210,2025-03-12,1101.69,Cash,PAY-0682,Source important officer small.,2025-03-12 12:57:04+00
683,605,124,2025-03-02,1151.35,Credit Card,PAY-0683,,2025-03-02 21:39:02+00
684,999,335,2025-05-08,2175.29,Bank Transfer,PAY-0684,,2025-05-08 15:03:49+00
685,480,87,2024-11-23,103.47,Check,PAY-0685,,2024-11-23 13:20:26+00
686,373,421,2025-03-08,50.1,Credit Card,PAY-0686,General feeling major minute current pay.,2025-03-08 22:46:17+00
687,236,257,2024-12-26,2520.75,Cash,PAY-0687,,2024-12-26 14:29:53+00
688,769,58,2025-05-21,3663.09,Check,PAY-0688,Person music family ago.,2025-05-21 03:45:29+00
689,4,234,2025-05-04,412.12,Other,PAY-0689,Through figure hour election voice rise chance painting.,2025-05-04 10:08:55+00
690,359,185,2025-05-22,420.48,Check,PAY-0690,,2025-05-22 22:04:28+00
691,698,94,2024-12-02,129.08,Check,PAY-0691,Line page course follow.,2024-12-02 00:41:13+00
692,3,75,2025-01-22,4198.78,Cash,PAY-0692,,2025-01-22 01:58:02+00
693,673,348,2024-09-01,458.47,Check,PAY-0693,,2024-09-01 12:52:05+00
694,781,320,2025-03-12,2051.83,Credit Card,PAY-0694,Suggest back difference road know expect.,2025-03-12 20:09:24+00
695,591,209,2025-05-16,2318.8,Check,PAY-0695,Someone trial experience.,2025-05-16 19:10:09+00
696,560,150,2025-02-07,442.99,Check,PAY-0696,,2025-02-07 00:07:08+00
697,579,347,2025-04-25,1592.81,Cash,PAY-0697,Budget force down decide computer.,2025-04-25 14:14:50+00
698,430,371,2025-01-03,1425.4,Check,PAY-0698,Dog your sell.,2025-01-03 15:08:14+00
699,886,248,2025-05-09,1849.88,Bank Transfer,PAY-0699,,2025-05-09 08:09:21+00
700,670,381,2024-12-17,525.21,Other,PAY-0700,Rule learn simple Congress finish.,2024-12-17 03:34:02+00
701,13,350,2025-05-23,708.26,Other,PAY-0701,,2025-05-23 07:08:33+00
702,690,354,2025-05-07,3645.92,Check,PAY-0702,,2025-05-07 23:24:55+00
703,678,365,2025-05-02,96.81,Bank Transfer,PAY-0703,,2025-05-02 10:13:13+00
704,249,146,2025-01-07,625.24,Bank Transfer,PAY-0704,Simple option here doctor anyone.,2025-01-07 23:40:38+00
705,777,51,2025-03-06,151.49,Bank Transfer,PAY-0705,,2025-03-06 19:31:00+00
706,907,71,2025-05-12,1260.41,Check,PAY-0706,Moment let allow back.,2025-05-12 04:26:17+00
707,699,270,2025-02-23,1815.03,Bank Transfer,PAY-0707,Reflect white dinner.,2025-02-23 10:59:35+00
708,106,468,2025-05-14,640.5,Bank Transfer,PAY-0708,Sort talk fill Republican officer assume.,2025-05-14 13:52:45+00
709,726,280,2024-06-30,2882.53,Bank Transfer,PAY-0709,,2024-06-30 15:31:16+00
710,160,257,2024-11-15,72.95,Check,PAY-0710,,2024-11-15 16:55:14+00
711,619,34,2024-11-25,769.03,Credit Card,PAY-0711,Beat forget wish.,2024-11-25 16:16:45+00
712,572,14,2025-04-26,722.09,Other,PAY-0712,Stop score explain.,2025-04-26 10:25:05+00
713,793,278,2025-03-28,322.45,Bank Transfer,PAY-0713,,2025-03-28 11:04:13+00
714,248,413,2025-01-04,521.2,Bank Transfer,PAY-0714,Name sport per must fish.,2025-01-04 07:49:07+00
715,879,173,2024-11-16,729.36,Cash,PAY-0715,,2024-11-16 22:16:51+00
716,17,494,2025-05-15,1172.85,Check,PAY-0716,,2025-05-15 22:42:24+00
717,212,155,2025-05-12,192.64,Bank Transfer,PAY-0717,Type out test political significant every professional something.,2025-05-12 14:03:27+00
718,395,93,2025-01-23,1569.38,Check,PAY-0718,,2025-01-23 22:31:17+00
719,274,379,2024-08-05,2125.96,Bank Transfer,PAY-0719,Among water room water base throughout.,2024-08-05 05:14:48+00
720,639,404,2024-10-05,2076.59,Bank Transfer,PAY-0720,Course work treatment decision.,2024-10-05 07:19:18+00
721,996,391,2025-04-08,620.06,Bank Transfer,PAY-0721,,2025-04-08 22:47:55+00
722,550,153,2025-02-08,3533.0,Cash,PAY-0722,,2025-02-08 15:27:40+00
723,807,160,2024-10-08,2348.97,Credit Card,PAY-0723,,2024-10-08 12:16:00+00
724,399,224,2025-03-09,272.79,Other,PAY-0724,Forget any design war.,2025-03-09 23:32:11+00
725,485,343,2025-03-28,167.39,Other,PAY-0725,,2025-03-28 05:46:50+00
726,670,381,2025-03-07,847.79,Check,PAY-0726,Professional list remember its whether white.,2025-03-07 09:35:25+00
727,175,181,2025-04-17,1170.76,Check,PAY-0727,,2025-04-17 08:51:43+00
728,333,178,2025-05-02,850.72,Cash,PAY-0728,Allow eat discussion protect front worker meeting.,2025-05-02 07:14:33+00
729,766,217,2025-03-23,678.28,Bank Transfer,PAY-0729,,2025-03-23 00:32:57+00
730,918,133,2025-01-24,80.44,Credit Card,PAY-0730,,2025-01-24 15:01:41+00
731,4,234,2025-03-05,49.74,Cash,PAY-0731,Company entire cost evening never dream because focus.,2025-03-05 04:32:55+00
732,568,291,2024-12-22,3481.8,Check,PAY-0732,,2024-12-22 15:30:16+00
733,461,13,2024-12-11,2595.4,Cash,PAY-0733,,2024-12-11 04:26:05+00
734,26,98,2025-04-13,621.91,Cash,PAY-0734,Into lead between space son or respond.,2025-04-13 00:06:48+00
735,540,209,2025-05-05,2092.26,Credit Card,PAY-0735,,2025-05-05 11:59:44+00
736,234,180,2025-04-30,2641.68,Bank Transfer,PAY-0736,,2025-04-30 10:52:31+00
737,532,312,2024-12-09,1104.36,Bank Transfer,PAY-0737,,2024-12-09 22:01:03+00
738,146,443,2024-12-08,323.12,Other,PAY-0738,Leg hair today who.,2024-12-08 03:32:09+00
739,843,306,2025-04-03,2700.61,Bank Transfer,PAY-0739,,2025-04-03 09:20:16+00
740,96,76,2025-05-23,264.58,Bank Transfer,PAY-0740,Write dark including.,2025-05-23 11:40:20+00
741,19,200,2025-03-06,3595.49,Cash,PAY-0741,Laugh available about near cold.,2025-03-06 11:39:34+00
742,22,474,2025-02-01,4736.97,Check,PAY-0742,Scene begin protect than white generation we task.,2025-02-01 09:51:18+00
743,627,456,2025-05-16,1515.77,Other,PAY-0743,Senior happy apply floor.,2025-05-16 17:55:04+00
744,281,380,2025-03-04,2993.18,Cash,PAY-0744,,2025-03-04 02:03:17+00
745,967,411,2025-03-12,1817.11,Bank Transfer,PAY-0745,Sister himself story manager use see low.,2025-03-12 20:58:59+00
746,635,285,2025-05-07,1627.18,Bank Transfer,PAY-0746,,2025-05-07 08:05:00+00
747,721,194,2024-08-17,1537.75,Bank Transfer,PAY-0747,,2024-08-17 12:53:46+00
748,12,308,2024-11-22,878.74,Credit Card,PAY-0748,Cup garden ever grow door.,2024-11-22 07:29:37+00
749,312,98,2024-09-06,240.56,Credit Card,PAY-0749,,2024-09-06 09:31:05+00
750,619,34,2024-08-21,57.89,Cash,PAY-0750,Discuss walk election pressure plan.,2024-08-21 05:16:05+00
